year,state,crop,land_area,yield
2015,Abia,sorghum,,
2015,Adamawa,sorghum,203.4,1.07
2015,Akwa-Ibom,sorghum,,
2015,Anambra,sorghum,,
2015,Bauchi,sorghum,290.8,1.04
2015,Bayelsa,sorghum,,
2015,Benue,sorghum,93.98,1.16
2015,Borno,sorghum,225.1,0.96
2015,Cross River,sorghum,,
2015,Delta,sorghum,,
2015,Ebonyi,sorghum,,
2015,Edo,sorghum,,
2015,Ekiti,sorghum,,
2015,Enugu,sorghum,,
2015,Fct,sorghum,90.5,1.14
2015,Gombe,sorghum,255.1,1.09
2015,Imo,sorghum,,
2015,Jigawa,sorghum,229.82,1.59
2015,Kaduna,sorghum,375.46,1.2
2015,Kano,sorghum,538.2,1.23
2015,Katsina,sorghum,278.96,1.3
2015,Kebbi,sorghum,238.37,1.57
2015,Kogi,sorghum,80.48,1.35
2015,Kwara,sorghum,79.32,1.3
2015,Lagos,sorghum,,
2015,Nasarawa,sorghum,96.19,1.21
2015,Niger,sorghum,325.53,1.41
2015,Ogun,sorghum,,
2015,Ondo,sorghum,,
2015,Osun,sorghum,,
2015,Oyo,sorghum,,
2015,Plateau,sorghum,196.74,1.09
2015,Rivers,sorghum,,
2015,Sokoto,sorghum,259.3,1.19
2015,Taraba,sorghum,276.82,1.38
2015,Yobe,sorghum,193,0.76
2015,Zamfara,sorghum,259.77,1.48
2015,Abia,maize,79.62,1.16
2015,Adamawa,maize,156.4,1.99
2015,Akwa-Ibom,maize,70.74,1.11
2015,Anambra,maize,46.43,1.56
2015,Bauchi,maize,169.54,1.8
2015,Bayelsa,maize,47.72,1.12
2015,Benue,maize,142.14,2.57
2015,Borno,maize,137.89,0.79
2015,Cross River,maize,87.85,1.46
2015,Delta,maize,88.52,1.52
2015,Ebonyi,maize,71.94,1.53
2015,Edo,maize,94.73,1.36
2015,Ekiti,maize,167.5,1.19
2015,Enugu,maize,90.73,1.35
2015,Fct,maize,149.71,2.24
2015,Gombe,maize,169.81,1.63
2015,Imo,maize,79.86,1.14
2015,Jigawa,maize,168.34,1.66
2015,Kaduna,maize,329.53,2.32
2015,Kano,maize,213.02,2.2
2015,Katsina,maize,246.62,2.01
2015,Kebbi,maize,138.3,1.72
2015,Kogi,maize,239.26,1.42
2015,Kwara,maize,132.28,2.19
2015,Lagos,maize,100.92,1.28
2015,Nasarawa,maize,195.51,2.03
2015,Niger,maize,289.77,2.22
2015,Ogun,maize,120.31,1.86
2015,Ondo,maize,199.14,1.5
2015,Osun,maize,179.44,1.12
2015,Oyo,maize,173.04,1.44
2015,Plateau,maize,260.23,2.07
2015,Rivers,maize,61.63,1.03
2015,Sokoto,maize,119.05,1
2015,Taraba,maize,271.42,1.6
2015,Yobe,maize,102.2,1.65
2015,Zamfara,maize,159.73,1.78
2015,Abia,rice,14.59,2.4
2015,Adamawa,rice,99.33,3.56
2015,Akwa-Ibom,rice,1.99,3.99
2015,Anambra,rice,24,2.59
2015,Bauchi,rice,95.89,3.11
2015,Bayelsa,rice,13.76,2.5
2015,Benue,rice,116.14,3.92
2015,Borno,rice,47.43,1.02
2015,Cross River,rice,26.79,2
2015,Delta,rice,16.7,2.95
2015,Ebonyi,rice,33.75,2.66
2015,Edo,rice,26.51,2.55
2015,Ekiti,rice,19.51,3.93
2015,Enugu,rice,35.57,2.78
2015,Fct,rice,133.06,2.89
2015,Gombe,rice,88.98,3.19
2015,Imo,rice,16.25,3.74
2015,Jigawa,rice,67.12,3.5
2015,Kaduna,rice,166.03,3.01
2015,Kano,rice,132.48,3.01
2015,Katsina,rice,64.45,2.92
2015,Kebbi,rice,119.25,2.68
2015,Kogi,rice,192.77,2.73
2015,Kwara,rice,167.86,2.35
2015,Lagos,rice,19.7,2.02
2015,Nasarawa,rice,143.27,3.47
2015,Niger,rice,138.19,2.35
2015,Ogun,rice,22.85,2.98
2015,Ondo,rice,33.88,2.63
2015,Osun,rice,27.56,2.44
2015,Oyo,rice,20.31,2.94
2015,Plateau,rice,108.61,3.04
2015,Rivers,rice,17.27,2.91
2015,Sokoto,rice,59.79,2.05
2015,Taraba,rice,127.21,3.07
2015,Yobe,rice,91.98,2.59
2015,Zamfara,rice,95.2,2.9
2015,Abia,ginger,,
2015,Adamawa,ginger,,
2015,Akwa-Ibom,ginger,,
2015,Anambra,ginger,,
2015,Bauchi,ginger,0.52,3.46
2015,Bayelsa,ginger,,
2015,Benue,ginger,8.13,4.77
2015,Borno,ginger,,
2015,Cross River,ginger,,
2015,Delta,ginger,,
2015,Ebonyi,ginger,,
2015,Edo,ginger,,
2015,Ekiti,ginger,,
2015,Enugu,ginger,,
2015,Fct,ginger,,
2015,Gombe,ginger,,
2015,Imo,ginger,,
2015,Jigawa,ginger,,
2015,Kaduna,ginger,37.33,5.25
2015,Kano,ginger,,
2015,Katsina,ginger,,
2015,Kebbi,ginger,,
2015,Kogi,ginger,,
2015,Kwara,ginger,,
2015,Lagos,ginger,4.19,3.81
2015,Nasarawa,ginger,13.91,3.98
2015,Niger,ginger,,
2015,Ogun,ginger,,
2015,Ondo,ginger,,
2015,Osun,ginger,,
2015,Oyo,ginger,,
2015,Plateau,ginger,,
2015,Rivers,ginger,,
2015,Sokoto,ginger,,
2015,Taraba,ginger,,
2015,Yobe,ginger,,
2015,Zamfara,ginger,,
2015,Abia,yam,175.2,3.96
2015,Adamawa,yam,153.98,6.23
2015,Akwa-Ibom,yam,280,8.64
2015,Anambra,yam,149.9,5.72
2015,Bauchi,yam,,
2015,Bayelsa,yam,299.8,0.49
2015,Benue,yam,123.4,12.83
2015,Borno,yam,,
2015,Cross River,yam,289,9.41
2015,Delta,yam,129.1,8.49
2015,Ebonyi,yam,179.7,10.08
2015,Edo,yam,208.5,3.65
2015,Ekiti,yam,161.03,8.48
2015,Enugu,yam,143.6,13.47
2015,Fct,yam,408.9,7.32
2015,Gombe,yam,,
2015,Imo,yam,182.9,4.05
2015,Jigawa,yam,,
2015,Kaduna,yam,140.96,13.63
2015,Kano,yam,,
2015,Katsina,yam,,
2015,Kebbi,yam,7.84,2.52
2015,Kogi,yam,262.8,6.84
2015,Kwara,yam,236.57,13.91
2015,Lagos,yam,156.12,0.53
2015,Nasarawa,yam,185.98,12.53
2015,Niger,yam,198.5,15.05
2015,Ogun,yam,204.7,7.32
2015,Ondo,yam,169.9,7.86
2015,Osun,yam,138.99,5.79
2015,Oyo,yam,192.07,9.21
2015,Plateau,yam,153.46,8.56
2015,Rivers,yam,179.9,6.39
2015,Sokoto,yam,,
2015,Taraba,yam,278.94,13.34
2015,Yobe,yam,,
2015,Zamfara,yam,,
2015,Abia,groundnut,7.2,1.344
2015,Adamawa,groundnut,50.82,1.901
2015,Akwa-Ibom,groundnut,2.3,1.529
2015,Anambra,groundnut,,
2015,Bauchi,groundnut,393.7,1.259
2015,Bayelsa,groundnut,,
2015,Benue,groundnut,109.11,1.909
2015,Borno,groundnut,99.72,0.817
2015,Cross River,groundnut,13.56,1.227
2015,Delta,groundnut,,
2015,Ebonyi,groundnut,0.93,1.995
2015,Edo,groundnut,5.9,1.344
2015,Ekiti,groundnut,48.2,1.116
2015,Enugu,groundnut,3.2,1.359
2015,Fct,groundnut,186,0.169
2015,Gombe,groundnut,38.21,1.478
2015,Imo,groundnut,0.21,1.095
2015,Jigawa,groundnut,131.11,0.717
2015,Kaduna,groundnut,146.94,2.081
2015,Kano,groundnut,169.52,0.22
2015,Katsina,groundnut,116.92,1.099
2015,Kebbi,groundnut,130.55,0.491
2015,Kogi,groundnut,142.84,1.367
2015,Kwara,groundnut,112.61,1.29
2015,Lagos,groundnut,3.5,1.381
2015,Nasarawa,groundnut,117.38,1.678
2015,Niger,groundnut,141.5,1.731
2015,Ogun,groundnut,14.05,1.387
2015,Ondo,groundnut,29.47,2.143
2015,Osun,groundnut,16.53,1.458
2015,Oyo,groundnut,33.35,0.42
2015,Plateau,groundnut,135.6,0.995
2015,Rivers,groundnut,,
2015,Sokoto,groundnut,107.7,0.69
2015,Taraba,groundnut,180,1.471
2015,Yobe,groundnut,44.24,1.643
2015,Zamfara,groundnut,168.43,0.888
2015,Abia,millet,,
2015,Adamawa,millet,160.36,0.46
2015,Akwa-Ibom,millet,,
2015,Anambra,millet,,
2015,Bauchi,millet,112.43,0.75
2015,Bayelsa,millet,,
2015,Benue,millet,82,0.79
2015,Borno,millet,29.43,0.79
2015,Cross River,millet,,
2015,Delta,millet,,
2015,Ebonyi,millet,,
2015,Edo,millet,,
2015,Ekiti,millet,,
2015,Enugu,millet,,
2015,Fct,millet,46.76,0.83
2015,Gombe,millet,129.31,0.79
2015,Imo,millet,,
2015,Jigawa,millet,105.44,0.78
2015,Kaduna,millet,89.34,1.11
2015,Kano,millet,94.74,0.91
2015,Katsina,millet,99.44,0.85
2015,Kebbi,millet,97.85,0.84
2015,Kogi,millet,44.62,0.66
2015,Kwara,millet,39.04,0.81
2015,Lagos,millet,,
2015,Nasarawa,millet,22.92,1.2
2015,Niger,millet,96.94,1.03
2015,Ogun,millet,,
2015,Ondo,millet,,
2015,Osun,millet,,
2015,Oyo,millet,,
2015,Plateau,millet,76.41,0.96
2015,Rivers,millet,,
2015,Sokoto,millet,101.66,0.74
2015,Taraba,millet,89.64,0.94
2015,Yobe,millet,196.74,0.75
2015,Zamfara,millet,93.04,0.94
2015,Abia,cassava,196.86,9.52
2015,Adamawa,cassava,195.96,2.54
2015,Akwa-Ibom,cassava,226.55,6.81
2015,Anambra,cassava,192.03,9.33
2015,Bauchi,cassava,93,5.36
2015,Bayelsa,cassava,246.49,6.07
2015,Benue,cassava,205.36,18.97
2015,Borno,cassava,,
2015,Cross River,cassava,298.96,17.04
2015,Delta,cassava,214.93,7.03
2015,Ebonyi,cassava,195.86,6.47
2015,Edo,cassava,277.94,6.11
2015,Ekiti,cassava,198.8,8.47
2015,Enugu,cassava,214.95,16.02
2015,Fct,cassava,296.14,5.01
2015,Gombe,cassava,89.29,5.59
2015,Imo,cassava,290.33,12.4
2015,Jigawa,cassava,75.37,5.29
2015,Kaduna,cassava,295.66,5.89
2015,Kano,cassava,72.85,4.66
2015,Katsina,cassava,73.19,6.08
2015,Kebbi,cassava,62,10.12
2015,Kogi,cassava,302.34,4.95
2015,Kwara,cassava,303.88,4.72
2015,Lagos,cassava,201.74,9.82
2015,Nasarawa,cassava,201.86,9.32
2015,Niger,cassava,275.74,7.2
2015,Ogun,cassava,220.55,14.92
2015,Ondo,cassava,187.36,16.54
2015,Osun,cassava,133.17,12.83
2015,Oyo,cassava,126.16,13.32
2015,Plateau,cassava,201.86,8.63
2015,Rivers,cassava,1489.45,0.84
2015,Sokoto,cassava,67.55,4.96
2015,Taraba,cassava,201.28,2.03
2015,Yobe,cassava,85.4,5.3
2015,Zamfara,cassava,79.27,6.17
2015,Abia,soybean,,
2015,Adamawa,soybean,39.11,1.18
2015,Akwa-Ibom,soybean,,
2015,Anambra,soybean,,
2015,Bauchi,soybean,37.87,1.01
2015,Bayelsa,soybean,,
2015,Benue,soybean,89,1.99
2015,Borno,soybean,,
2015,Cross River,soybean,,
2015,Delta,soybean,,
2015,Ebonyi,soybean,,
2015,Edo,soybean,,
2015,Ekiti,soybean,29.11,0.34
2015,Enugu,soybean,,
2015,Fct,soybean,46.57,1
2015,Gombe,soybean,34.42,1.08
2015,Imo,soybean,,
2015,Jigawa,soybean,30.85,1.34
2015,Kaduna,soybean,40.72,1.95
2015,Kano,soybean,39.68,1.47
2015,Katsina,soybean,38.61,0.89
2015,Kebbi,soybean,40.52,0.53
2015,Kogi,soybean,42.55,1.1
2015,Kwara,soybean,45.82,1.29
2015,Lagos,soybean,,
2015,Nasarawa,soybean,32.58,1.16
2015,Niger,soybean,39.66,1.23
2015,Ogun,soybean,19.41,1.3
2015,Ondo,soybean,23.5,1.4
2015,Osun,soybean,30.23,0.96
2015,Oyo,soybean,26.93,0.02
2015,Plateau,soybean,42.96,1.23
2015,Rivers,soybean,,
2015,Sokoto,soybean,42.23,0.67
2015,Taraba,soybean,49.86,1.19
2015,Yobe,soybean,,
2015,Zamfara,soybean,39.36,0.49
2015,Abia,okro,12.61,1.77
2015,Adamawa,okro,21.6,1.34
2015,Akwa-Ibom,okro,19.1,1.45
2015,Anambra,okro,17.69,1.57
2015,Bauchi,okro,12.6,3.88
2015,Bayelsa,okro,12,1.95
2015,Benue,okro,33.73,1.68
2015,Borno,okro,22.86,1.62
2015,Cross River,okro,10.91,2.62
2015,Delta,okro,16.61,1.34
2015,Ebonyi,okro,12.61,2.27
2015,Edo,okro,16.5,1.5
2015,Ekiti,okro,15.02,1.07
2015,Enugu,okro,14.14,1.66
2015,Fct,okro,29.3,1.36
2015,Gombe,okro,23.8,1.5
2015,Imo,okro,15,1.65
2015,Jigawa,okro,12.64,2.87
2015,Kaduna,okro,16.99,1.93
2015,Kano,okro,36.61,0.91
2015,Katsina,okro,10.22,2.21
2015,Kebbi,okro,32,1.31
2015,Kogi,okro,26.4,3.02
2015,Kwara,okro,12.25,2.61
2015,Lagos,okro,15.23,2.42
2015,Nasarawa,okro,23.3,1.15
2015,Niger,okro,20.22,1.59
2015,Ogun,okro,17.2,1.69
2015,Ondo,okro,25.03,0.98
2015,Osun,okro,26,1.34
2015,Oyo,okro,14.66,2.63
2015,Plateau,okro,20.74,2.46
2015,Rivers,okro,20,1.27
2015,Sokoto,okro,12.65,2
2015,Taraba,okro,16.55,2.82
2015,Yobe,okro,21.63,1.82
2015,Zamfara,okro,15.42,2.35
2015,Abia,onion,,
2015,Adamawa,onion,33.8,3.52
2015,Akwa-Ibom,onion,,
2015,Anambra,onion,,
2015,Bauchi,onion,36.3,3.02
2015,Bayelsa,onion,,
2015,Benue,onion,18.48,2.72
2015,Borno,onion,26,1.48
2015,Cross River,onion,,
2015,Delta,onion,,
2015,Ebonyi,onion,,
2015,Edo,onion,,
2015,Ekiti,onion,,
2015,Enugu,onion,,
2015,Fct,onion,,
2015,Gombe,onion,38.95,3.24
2015,Imo,onion,,
2015,Jigawa,onion,42.07,0.89
2015,Kaduna,onion,24.38,2.11
2015,Kano,onion,56.31,1.7
2015,Katsina,onion,47.86,1.25
2015,Kebbi,onion,39.71,2.67
2015,Kogi,onion,,
2015,Kwara,onion,,
2015,Lagos,onion,23.08,0.97
2015,Nasarawa,onion,,
2015,Niger,onion,,
2015,Ogun,onion,,
2015,Ondo,onion,,
2015,Osun,onion,,
2015,Oyo,onion,,
2015,Plateau,onion,24.8,1.2
2015,Rivers,onion,,
2015,Sokoto,onion,38.42,3.02
2015,Taraba,onion,13.56,4.82
2015,Yobe,onion,47,1.91
2015,Zamfara,onion,20.25,4.72
2015,Abia,tomatoe,4.8,3.26
2015,Adamawa,tomatoe,26.91,8.7
2015,Akwa-Ibom,tomatoe,,
2015,Anambra,tomatoe,5.14,2.54
2015,Bauchi,tomatoe,26.08,7.9
2015,Bayelsa,tomatoe,,
2015,Benue,tomatoe,13.13,10.37
2015,Borno,tomatoe,11.65,9.29
2015,Cross River,tomatoe,,
2015,Delta,tomatoe,6.6,3.91
2015,Ebonyi,tomatoe,3.1,9.09
2015,Edo,tomatoe,9,2.66
2015,Ekiti,tomatoe,2.15,11.06
2015,Enugu,tomatoe,8.56,1.69
2015,Fct,tomatoe,19.72,6.24
2015,Gombe,tomatoe,27.39,13.86
2015,Imo,tomatoe,1.34,12.12
2015,Jigawa,tomatoe,26.36,5.67
2015,Kaduna,tomatoe,25.83,13.97
2015,Kano,tomatoe,30.06,11.98
2015,Katsina,tomatoe,40.43,2.56
2015,Kebbi,tomatoe,45.78,5.8
2015,Kogi,tomatoe,16.45,8.51
2015,Kwara,tomatoe,20.63,5.5
2015,Lagos,tomatoe,3.92,9.32
2015,Nasarawa,tomatoe,18.61,4.99
2015,Niger,tomatoe,14.41,13.08
2015,Ogun,tomatoe,8.48,5.32
2015,Ondo,tomatoe,3.6,1.66
2015,Osun,tomatoe,9.8,3.35
2015,Oyo,tomatoe,5.52,6.22
2015,Plateau,tomatoe,16.01,6.23
2015,Rivers,tomatoe,,
2015,Sokoto,tomatoe,22.98,13.01
2015,Taraba,tomatoe,28.57,8.9
2015,Yobe,tomatoe,13.63,10.43
2015,Zamfara,tomatoe,23.89,6.57
2016,Abia,sorghum,,
2016,Adamawa,sorghum,225.88,1.27
2016,Akwa-Ibom,sorghum,,
2016,Anambra,sorghum,,
2016,Bauchi,sorghum,332.28,1.13
2016,Bayelsa,sorghum,,
2016,Benue,sorghum,120.38,1.3
2016,Borno,sorghum,323.37,0.99
2016,Cross River,sorghum,,
2016,Delta,sorghum,,
2016,Ebonyi,sorghum,,
2016,Edo,sorghum,,
2016,Ekiti,sorghum,,
2016,Enugu,sorghum,11.82,1.1
2016,Fct,sorghum,98.05,1.29
2016,Gombe,sorghum,299,1.02
2016,Imo,sorghum,,
2016,Jigawa,sorghum,289.4,1.2
2016,Kaduna,sorghum,401.65,0.98
2016,Kano,sorghum,560.08,1.33
2016,Katsina,sorghum,291.59,1.25
2016,Kebbi,sorghum,310.35,1.2
2016,Kogi,sorghum,91.76,1.3
2016,Kwara,sorghum,92.86,1.38
2016,Lagos,sorghum,,
2016,Nasarawa,sorghum,126.11,1.2
2016,Niger,sorghum,367.67,1.4
2016,Ogun,sorghum,12.73,1.1
2016,Ondo,sorghum,10,1.2
2016,Osun,sorghum,,
2016,Oyo,sorghum,47.5,1.2
2016,Plateau,sorghum,197.51,1.47
2016,Rivers,sorghum,,
2016,Sokoto,sorghum,275.21,1.06
2016,Taraba,sorghum,301.39,1.04
2016,Yobe,sorghum,250.89,1.04
2016,Zamfara,sorghum,434.54,1.26
2016,Abia,maize,68.42,1.89
2016,Adamawa,maize,249.01,1.87
2016,Akwa-Ibom,maize,60.9,1.56
2016,Anambra,maize,45.27,1.78
2016,Bauchi,maize,271.99,1.67
2016,Bayelsa,maize,41.74,1.72
2016,Benue,maize,120.78,2.53
2016,Borno,maize,358.78,1.53
2016,Cross River,maize,51.61,1.84
2016,Delta,maize,88.33,1.85
2016,Ebonyi,maize,62.19,1.92
2016,Edo,maize,83.18,1.69
2016,Ekiti,maize,139.27,1.75
2016,Enugu,maize,79.73,1.79
2016,Fct,maize,172.36,2.33
2016,Gombe,maize,305.4,1.73
2016,Imo,maize,58.91,1.67
2016,Jigawa,maize,166.18,1.73
2016,Kaduna,maize,315.79,2.52
2016,Kano,maize,120.71,2.38
2016,Katsina,maize,156.21,1.87
2016,Kebbi,maize,161.27,1.8
2016,Kogi,maize,153.28,2.39
2016,Kwara,maize,137.13,2.02
2016,Lagos,maize,126.56,1.74
2016,Nasarawa,maize,101.84,2.49
2016,Niger,maize,240.72,2.5
2016,Ogun,maize,121.66,2.11
2016,Ondo,maize,126.36,1.95
2016,Osun,maize,155.16,2.04
2016,Oyo,maize,119.47,2.04
2016,Plateau,maize,227.46,2.47
2016,Rivers,maize,49.16,2.03
2016,Sokoto,maize,83.71,1.56
2016,Taraba,maize,235.06,2
2016,Yobe,maize,198.57,1.67
2016,Zamfara,maize,229.88,1.73
2016,Abia,rice,30.34,1.45
2016,Adamawa,rice,155.81,1.7
2016,Akwa-Ibom,rice,9.64,1.78
2016,Anambra,rice,43.18,1.85
2016,Bauchi,rice,118.94,1.7
2016,Bayelsa,rice,41.8,1.99
2016,Benue,rice,206.68,2.06
2016,Borno,rice,111.62,1.6
2016,Cross River,rice,57.33,1.79
2016,Delta,rice,22.96,1.71
2016,Ebonyi,rice,47.39,2
2016,Edo,rice,57.1,1.93
2016,Ekiti,rice,67.9,1.73
2016,Enugu,rice,36.27,2.06
2016,Fct,rice,188.76,1.87
2016,Gombe,rice,99.74,1.66
2016,Imo,rice,28.51,1.93
2016,Jigawa,rice,97.29,1.92
2016,Kaduna,rice,144.31,2.05
2016,Kano,rice,171.09,2.14
2016,Katsina,rice,102.68,1.7
2016,Kebbi,rice,206.79,1.71
2016,Kogi,rice,215.5,2.07
2016,Kwara,rice,169.96,2.07
2016,Lagos,rice,34.29,1.65
2016,Nasarawa,rice,170.39,2.09
2016,Niger,rice,207.55,2.27
2016,Ogun,rice,41.99,1.45
2016,Ondo,rice,54.4,1.92
2016,Osun,rice,39.2,2.06
2016,Oyo,rice,51.13,1.71
2016,Plateau,rice,119.62,1.78
2016,Rivers,rice,35.23,1.67
2016,Sokoto,rice,79.28,1.83
2016,Taraba,rice,160.83,2.02
2016,Yobe,rice,102.09,1.53
2016,Zamfara,rice,123.66,1.77
2016,Abia,millet,,
2016,Adamawa,millet,128.79,0.86
2016,Akwa-Ibom,millet,,
2016,Anambra,millet,,
2016,Bauchi,millet,78.9,0.89
2016,Bayelsa,millet,,
2016,Benue,millet,79.7,0.77
2016,Borno,millet,92.74,0.79
2016,Cross River,millet,,
2016,Delta,millet,,
2016,Ebonyi,millet,,
2016,Edo,millet,,
2016,Ekiti,millet,,
2016,Enugu,millet,,
2016,Fct,millet,58.05,0.9
2016,Gombe,millet,108.68,0.94
2016,Imo,millet,,
2016,Jigawa,millet,89.73,0.77
2016,Kaduna,millet,60.41,0.75
2016,Kano,millet,66,0.86
2016,Katsina,millet,135.51,0.89
2016,Kebbi,millet,76.77,0.94
2016,Kogi,millet,45,0.89
2016,Kwara,millet,26,0.94
2016,Lagos,millet,,
2016,Nasarawa,millet,30.55,0.82
2016,Niger,millet,89.11,0.9
2016,Ogun,millet,,
2016,Ondo,millet,,
2016,Osun,millet,,
2016,Oyo,millet,,
2016,Plateau,millet,73.83,0.88
2016,Rivers,millet,,
2016,Sokoto,millet,140.94,0.82
2016,Taraba,millet,102,0.9
2016,Yobe,millet,173.12,0.84
2016,Zamfara,millet,82,0.79
2016,Abia,yam,205.94,7.99
2016,Adamawa,yam,186.95,7.95
2016,Akwa-Ibom,yam,280.1,5.65
2016,Anambra,yam,152.26,5.56
2016,Bauchi,yam,,
2016,Bayelsa,yam,264.52,4.35
2016,Benue,yam,205,13.1
2016,Borno,yam,,
2016,Cross River,yam,325.57,8.59
2016,Delta,yam,158.99,6.84
2016,Ebonyi,yam,213.3,8.21
2016,Edo,yam,261.16,7.11
2016,Ekiti,yam,179.82,7.61
2016,Enugu,yam,215.99,12.02
2016,Fct,yam,340.62,10.18
2016,Gombe,yam,,
2016,Imo,yam,236.32,7.23
2016,Jigawa,yam,,
2016,Kaduna,yam,182.38,12.95
2016,Kano,yam,,
2016,Katsina,yam,,
2016,Kebbi,yam,133,6.46
2016,Kogi,yam,174.23,9.42
2016,Kwara,yam,226.14,9.3
2016,Lagos,yam,186.13,4.69
2016,Nasarawa,yam,204.85,14.73
2016,Niger,yam,223,13.01
2016,Ogun,yam,137.93,7
2016,Ondo,yam,173.81,8.47
2016,Osun,yam,177.72,9.81
2016,Oyo,yam,235.55,5.28
2016,Plateau,yam,122.75,13.15
2016,Rivers,yam,382.79,2.79
2016,Sokoto,yam,,
2016,Taraba,yam,293.49,11.83
2016,Yobe,yam,,
2016,Zamfara,yam,,
2016,Abia,cassava,,
2016,Adamawa,cassava,242.72,5.5
2016,Akwa-Ibom,cassava,129.18,3.49
2016,Anambra,cassava,260.17,6.25
2016,Bauchi,cassava,222.28,8.25
2016,Bayelsa,cassava,120.07,4.01
2016,Benue,cassava,313.53,3.54
2016,Borno,cassava,312.14,11.22
2016,Cross River,cassava,379.66,5.09
2016,Delta,cassava,208.37,7.98
2016,Ebonyi,cassava,230.35,5.51
2016,Edo,cassava,263.9,5.02
2016,Ekiti,cassava,224.45,7.5
2016,Enugu,cassava,217.4,9.41
2016,Fct,cassava,413.49,4.03
2016,Gombe,cassava,115.18,5.86
2016,Imo,cassava,306.13,10.64
2016,Jigawa,cassava,124.41,3.01
2016,Kaduna,cassava,189.19,10.85
2016,Kano,cassava,115.1,3.71
2016,Katsina,cassava,102.31,3.09
2016,Kebbi,cassava,133.75,4.72
2016,Kogi,cassava,350.54,9.77
2016,Kwara,cassava,412.2,3.43
2016,Lagos,cassava,252.81,6.18
2016,Nasarawa,cassava,265.07,6.13
2016,Niger,cassava,341.26,3.84
2016,Ogun,cassava,190.3,9.95
2016,Ondo,cassava,204.35,10.65
2016,Osun,cassava,175.35,9.79
2016,Oyo,cassava,180.41,9.63
2016,Plateau,cassava,353.64,2.77
2016,Rivers,cassava,517.25,5.33
2016,Sokoto,cassava,92.64,2.42
2016,Taraba,cassava,167.91,7.91
2016,Yobe,cassava,116.6,4.11
2016,Zamfara,cassava,141.2,1.78
2016,Abia,cocoyam,,
2016,Adamawa,cocoyam,,
2016,Akwa-Ibom,cocoyam,5.29,7.48
2016,Anambra,cocoyam,,
2016,Bauchi,cocoyam,,
2016,Bayelsa,cocoyam,76.24,2.58
2016,Benue,cocoyam,,
2016,Borno,cocoyam,,
2016,Cross River,cocoyam,,
2016,Delta,cocoyam,,
2016,Ebonyi,cocoyam,,
2016,Edo,cocoyam,,
2016,Ekiti,cocoyam,24.41,
2016,Enugu,cocoyam,11.65,5.96
2016,Fct,cocoyam,25.58,6.91
2016,Gombe,cocoyam,13.29,4.94
2016,Imo,cocoyam,23.54,10.69
2016,Jigawa,cocoyam,33.39,4.51
2016,Kaduna,cocoyam,17.83,11.35
2016,Kano,cocoyam,26.93,4.61
2016,Katsina,cocoyam,26.22,11.57
2016,Kebbi,cocoyam,48.95,2.6
2016,Kogi,cocoyam,41.14,11.99
2016,Kwara,cocoyam,33.88,14.7
2016,Lagos,cocoyam,28.84,11.15
2016,Nasarawa,cocoyam,28.37,4.78
2016,Niger,cocoyam,41.59,10.65
2016,Ogun,cocoyam,62.02,11.32
2016,Ondo,cocoyam,73.34,3.55
2016,Osun,cocoyam,38.28,7.47
2016,Oyo,cocoyam,64.52,5.92
2016,Plateau,cocoyam,35.12,11.59
2016,Rivers,cocoyam,44.03,9.16
2016,Sokoto,cocoyam,32.12,12
2016,Taraba,cocoyam,34.03,5.56
2016,Yobe,cocoyam,31.27,9.58
2016,Zamfara,cocoyam,26.86,8.85
2016,Abia,ginger,,
2016,Adamawa,ginger,,
2016,Akwa-Ibom,ginger,,
2016,Anambra,ginger,,
2016,Bauchi,ginger,2.23,10.31
2016,Bayelsa,ginger,,
2016,Benue,ginger,12.53,7.78
2016,Borno,ginger,,
2016,Cross River,ginger,,
2016,Delta,ginger,,
2016,Ebonyi,ginger,,
2016,Edo,ginger,,
2016,Ekiti,ginger,,
2016,Enugu,ginger,,
2016,Fct,ginger,,
2016,Gombe,ginger,,
2016,Imo,ginger,,
2016,Jigawa,ginger,,
2016,Kaduna,ginger,43.1,10.88
2016,Kano,ginger,,
2016,Katsina,ginger,,
2016,Kebbi,ginger,,
2016,Kogi,ginger,,
2016,Kwara,ginger,,
2016,Lagos,ginger,7.26,4.98
2016,Nasarawa,ginger,11.33,8.23
2016,Niger,ginger,,
2016,Ogun,ginger,,
2016,Ondo,ginger,,
2016,Osun,ginger,,
2016,Oyo,ginger,,
2016,Plateau,ginger,8.9,6.29
2016,Rivers,ginger,,
2016,Sokoto,ginger,,
2016,Taraba,ginger,,
2016,Yobe,ginger,,
2016,Zamfara,ginger,,
2016,Abia,groundnut,9.32,1.06
2016,Adamawa,groundnut,102.24,1.22
2016,Akwa-Ibom,groundnut,11.88,1.3
2016,Anambra,groundnut,,
2016,Bauchi,groundnut,394.08,1.25
2016,Bayelsa,groundnut,,
2016,Benue,groundnut,188.14,1.38
2016,Borno,groundnut,153.23,1.2
2016,Cross River,groundnut,13.33,1.32
2016,Delta,groundnut,,
2016,Ebonyi,groundnut,4.65,1.09
2016,Edo,groundnut,5.87,1
2016,Ekiti,groundnut,52.28,1.28
2016,Enugu,groundnut,5.16,1.23
2016,Fct,groundnut,174.22,1.4
2016,Gombe,groundnut,108,1.17
2016,Imo,groundnut,5.93,1.21
2016,Jigawa,groundnut,120.52,1
2016,Kaduna,groundnut,194.33,1.44
2016,Kano,groundnut,207.72,1.45
2016,Katsina,groundnut,108.69,0.99
2016,Kebbi,groundnut,146.26,1.2
2016,Kogi,groundnut,120.46,1.32
2016,Kwara,groundnut,166.61,1.38
2016,Lagos,groundnut,3.34,1.2
2016,Nasarawa,groundnut,136.71,1.38
2016,Niger,groundnut,170.18,1.4
2016,Ogun,groundnut,15.44,1.19
2016,Ondo,groundnut,32.4,1.42
2016,Osun,groundnut,32.55,1.17
2016,Oyo,groundnut,40.94,1.12
2016,Plateau,groundnut,138.38,1.43
2016,Rivers,groundnut,,
2016,Sokoto,groundnut,191.99,1.15
2016,Taraba,groundnut,201.92,1.1
2016,Yobe,groundnut,65.14,1.11
2016,Zamfara,groundnut,136.8,0.94
2016,Abia,cowpea,47.16,0.9
2016,Adamawa,cowpea,191.18,0.95
2016,Akwa-Ibom,cowpea,42.3,0.78
2016,Anambra,cowpea,88.66,0.77
2016,Bauchi,cowpea,180.16,0.93
2016,Bayelsa,cowpea,29.74,0.75
2016,Benue,cowpea,129.37,0.86
2016,Borno,cowpea,139.77,0.84
2016,Cross River,cowpea,28.3,0.83
2016,Delta,cowpea,57.4,0.89
2016,Ebonyi,cowpea,76.58,0.6
2016,Edo,cowpea,4.9,0.77
2016,Ekiti,cowpea,157.07,0.57
2016,Enugu,cowpea,89.84,0.73
2016,Fct,cowpea,132.76,0.9
2016,Gombe,cowpea,279.87,0.92
2016,Imo,cowpea,82.55,0.89
2016,Jigawa,cowpea,128.16,0.8
2016,Kaduna,cowpea,165.4,0.83
2016,Kano,cowpea,191.85,0.81
2016,Katsina,cowpea,119.52,0.9
2016,Kebbi,cowpea,99.55,0.85
2016,Kogi,cowpea,345.11,0.45
2016,Kwara,cowpea,200.93,0.94
2016,Lagos,cowpea,119.97,0.63
2016,Nasarawa,cowpea,76.47,0.87
2016,Niger,cowpea,93.55,0.88
2016,Ogun,cowpea,64.72,0.35
2016,Ondo,cowpea,149.87,0.74
2016,Osun,cowpea,199.63,0.65
2016,Oyo,cowpea,122.43,0.79
2016,Plateau,cowpea,170.47,0.53
2016,Rivers,cowpea,83.35,0.53
2016,Sokoto,cowpea,146.19,0.85
2016,Taraba,cowpea,238.69,0.94
2016,Yobe,cowpea,192.62,0.84
2016,Zamfara,cowpea,148.47,0.75
2016,Abia,cotton,,
2016,Adamawa,cotton,22.44,0.42
2016,Akwa-Ibom,cotton,,
2016,Anambra,cotton,,
2016,Bauchi,cotton,96.9,0.27
2016,Bayelsa,cotton,,
2016,Benue,cotton,,
2016,Borno,cotton,42.23,0.33
2016,Cross River,cotton,,
2016,Delta,cotton,,
2016,Ebonyi,cotton,,
2016,Edo,cotton,,
2016,Ekiti,cotton,,
2016,Enugu,cotton,,
2016,Fct,cotton,28.1,0.27
2016,Gombe,cotton,33.78,0.32
2016,Imo,cotton,,
2016,Jigawa,cotton,35.69,0.32
2016,Kaduna,cotton,8.8,0.37
2016,Kano,cotton,43.72,0.58
2016,Katsina,cotton,59.98,0.44
2016,Kebbi,cotton,39.46,0.19
2016,Kogi,cotton,,
2016,Kwara,cotton,,
2016,Lagos,cotton,,
2016,Nasarawa,cotton,,
2016,Niger,cotton,,
2016,Ogun,cotton,,
2016,Ondo,cotton,,
2016,Osun,cotton,,
2016,Oyo,cotton,,
2016,Plateau,cotton,9.62,0.6
2016,Rivers,cotton,,
2016,Sokoto,cotton,38.23,0.36
2016,Taraba,cotton,21.61,0.33
2016,Yobe,cotton,31.34,0.35
2016,Zamfara,cotton,37.48,0.72
2016,Abia,soybean,,
2016,Adamawa,soybean,48.51,0.89
2016,Akwa-Ibom,soybean,,
2016,Anambra,soybean,,
2016,Bauchi,soybean,34.03,0.66
2016,Bayelsa,soybean,,
2016,Benue,soybean,80.21,2.52
2016,Borno,soybean,,
2016,Cross River,soybean,,
2016,Delta,soybean,,
2016,Ebonyi,soybean,,
2016,Edo,soybean,,
2016,Ekiti,soybean,24.28,0.36
2016,Enugu,soybean,,
2016,Fct,soybean,57.67,0.55
2016,Gombe,soybean,58.98,0.86
2016,Imo,soybean,,
2016,Jigawa,soybean,42.73,0.81
2016,Kaduna,soybean,92.23,0.93
2016,Kano,soybean,70.14,0.96
2016,Katsina,soybean,38.88,0.73
2016,Kebbi,soybean,43.08,0.72
2016,Kogi,soybean,54.05,0.56
2016,Kwara,soybean,49.7,0.89
2016,Lagos,soybean,6,0.14
2016,Nasarawa,soybean,36.55,0.76
2016,Niger,soybean,47.32,0.66
2016,Ogun,soybean,23.93,0.72
2016,Ondo,soybean,27.64,1.1
2016,Osun,soybean,33.33,0.55
2016,Oyo,soybean,34.01,0.6
2016,Plateau,soybean,43.57,0.47
2016,Rivers,soybean,,
2016,Sokoto,soybean,27.59,0.54
2016,Taraba,soybean,54.02,0.95
2016,Yobe,soybean,,
2016,Zamfara,soybean,42.12,0.54
2016,Abia,benniseed,,
2016,Adamawa,benniseed,17.99,0.59
2016,Akwa-Ibom,benniseed,,
2016,Anambra,benniseed,15.77,0.95
2016,Bauchi,benniseed,18.29,0.49
2016,Bayelsa,benniseed,,
2016,Benue,benniseed,84.26,0.73
2016,Borno,benniseed,14.74,0.4
2016,Cross River,benniseed,,
2016,Delta,benniseed,,
2016,Ebonyi,benniseed,21.19,0.42
2016,Edo,benniseed,,
2016,Ekiti,benniseed,12.32,0.21
2016,Enugu,benniseed,18.74,0.38
2016,Fct,benniseed,63.88,0.76
2016,Gombe,benniseed,22.72,0.31
2016,Imo,benniseed,,
2016,Jigawa,benniseed,18.83,0.41
2016,Kaduna,benniseed,35.23,0.93
2016,Kano,benniseed,46.38,0.59
2016,Katsina,benniseed,42.8,0.31
2016,Kebbi,benniseed,21.4,0.5
2016,Kogi,benniseed,82.45,0.69
2016,Kwara,benniseed,20.66,0.84
2016,Lagos,benniseed,4.58,0.6
2016,Nasarawa,benniseed,85.88,0.82
2016,Niger,benniseed,36.19,0.44
2016,Ogun,benniseed,9.8,0.23
2016,Ondo,benniseed,9.43,0.55
2016,Osun,benniseed,10,0.6
2016,Oyo,benniseed,27.81,0.76
2016,Plateau,benniseed,58.67,0.87
2016,Rivers,benniseed,,
2016,Sokoto,benniseed,16.32,0.75
2016,Taraba,benniseed,53.67,0.73
2016,Yobe,benniseed,20.93,0.14
2016,Zamfara,benniseed,37.53,0.62
2016,Abia,tomatoe,6.48,1.67
2016,Adamawa,tomatoe,30.91,2.95
2016,Akwa-Ibom,tomatoe,,
2016,Anambra,tomatoe,6.44,1.93
2016,Bauchi,tomatoe,32.22,5.33
2016,Bayelsa,tomatoe,,
2016,Benue,tomatoe,14.22,4.93
2016,Borno,tomatoe,29.62,6.75
2016,Cross River,tomatoe,4.05,
2016,Delta,tomatoe,7.81,3.27
2016,Ebonyi,tomatoe,25.78,1.91
2016,Edo,tomatoe,11.44,1.83
2016,Ekiti,tomatoe,4.47,5.03
2016,Enugu,tomatoe,10.36,1.36
2016,Fct,tomatoe,17.08,3.17
2016,Gombe,tomatoe,30.57,5.78
2016,Imo,tomatoe,2.96,3.85
2016,Jigawa,tomatoe,27.54,2.5
2016,Kaduna,tomatoe,30.36,5.42
2016,Kano,tomatoe,40.74,3.36
2016,Katsina,tomatoe,29.96,3.28
2016,Kebbi,tomatoe,52.51,2.68
2016,Kogi,tomatoe,15.35,4.78
2016,Kwara,tomatoe,18.68,2.52
2016,Lagos,tomatoe,2.91,9.39
2016,Nasarawa,tomatoe,27.53,3.44
2016,Niger,tomatoe,14,8.34
2016,Ogun,tomatoe,13.11,6.51
2016,Ondo,tomatoe,8.58,4.06
2016,Osun,tomatoe,4.77,6.66
2016,Oyo,tomatoe,8.44,4.03
2016,Plateau,tomatoe,12.68,3.96
2016,Rivers,tomatoe,,
2016,Sokoto,tomatoe,16.54,9.32
2016,Taraba,tomatoe,32.67,3.37
2016,Yobe,tomatoe,17.88,5.51
2016,Zamfara,tomatoe,26.02,5.16
2016,Abia,okro,14,1.4
2016,Adamawa,okro,24.3,0.6
2016,Akwa-Ibom,okro,127.1,0.7
2016,Anambra,okro,20.4,0.9
2016,Bauchi,okro,14.2,1.4
2016,Bayelsa,okro,101.4,0.6
2016,Benue,okro,33.2,1.6
2016,Borno,okro,27.2,0.9
2016,Cross River,okro,106.6,0.9
2016,Delta,okro,53.1,1.7
2016,Ebonyi,okro,11.5,1.5
2016,Edo,okro,57.9,1.5
2016,Ekiti,okro,19.5,0.7
2016,Enugu,okro,18,1
2016,Fct,okro,46.3,0.8
2016,Gombe,okro,27.7,0.8
2016,Imo,okro,52.9,0.5
2016,Jigawa,okro,14.5,1.1
2016,Kaduna,okro,11.7,3.6
2016,Kano,okro,46.1,0.4
2016,Katsina,okro,12.7,1.2
2016,Kebbi,okro,31,1.3
2016,Kogi,okro,33,2.3
2016,Kwara,okro,9.1,7.1
2016,Lagos,okro,11.5,4.7
2016,Nasarawa,okro,18.9,1.4
2016,Niger,okro,16.4,0.7
2016,Ogun,okro,15,1.9
2016,Ondo,okro,33.4,0.3
2016,Osun,okro,34.6,0.5
2016,Oyo,okro,10.1,3.7
2016,Plateau,okro,25.4,2
2016,Rivers,okro,186.6,0.6
2016,Sokoto,okro,14.4,1.9
2016,Taraba,okro,17.4,2.2
2016,Yobe,okro,24.4,0.8
2016,Zamfara,okro,17,2.1
2017,Abia,sorghum,,
2017,Adamawa,sorghum,247.33,1.2
2017,Akwa-Ibom,sorghum,,
2017,Anambra,sorghum,,
2017,Bauchi,sorghum,366.77,1.05
2017,Bayelsa,sorghum,,
2017,Benue,sorghum,126.4,1.3
2017,Borno,sorghum,334.54,0.98
2017,Cross River,sorghum,,
2017,Delta,sorghum,,
2017,Ebonyi,sorghum,,
2017,Edo,sorghum,,
2017,Ekiti,sorghum,,
2017,Enugu,sorghum,12.12,1.11
2017,Fct,sorghum,102.46,1.25
2017,Gombe,sorghum,325.91,0.97
2017,Imo,sorghum,,
2017,Jigawa,sorghum,291.72,1.21
2017,Kaduna,sorghum,408.51,1.03
2017,Kano,sorghum,576.51,1.36
2017,Katsina,sorghum,313.46,1.19
2017,Kebbi,sorghum,325.87,1.22
2017,Kogi,sorghum,95.89,1.32
2017,Kwara,sorghum,90.25,1.49
2017,Lagos,sorghum,,
2017,Nasarawa,sorghum,128.63,1.24
2017,Niger,sorghum,382.38,1.39
2017,Ogun,sorghum,13.05,1.09
2017,Ondo,sorghum,10.26,1.22
2017,Osun,sorghum,,
2017,Oyo,sorghum,48.71,1.19
2017,Plateau,sorghum,196.04,1.5
2017,Rivers,sorghum,,
2017,Sokoto,sorghum,273.9,1.12
2017,Taraba,sorghum,307.85,1.06
2017,Yobe,sorghum,251.6,1.06
2017,Zamfara,sorghum,435.67,1.31
2017,Abia,maize,75.46,1.86
2017,Adamawa,maize,260.21,1.94
2017,Akwa-Ibom,maize,66.11,1.57
2017,Anambra,maize,50.16,1.76
2017,Bauchi,maize,278.79,1.85
2017,Bayelsa,maize,45.45,1.74
2017,Benue,maize,136.94,2.5
2017,Borno,maize,367.75,1.67
2017,Cross River,maize,56.19,1.82
2017,Delta,maize,96.09,1.85
2017,Ebonyi,maize,67.25,1.93
2017,Edo,maize,90.12,1.68
2017,Ekiti,maize,150.53,1.79
2017,Enugu,maize,86.21,1.82
2017,Fct,maize,196.47,2.28
2017,Gombe,maize,313.04,1.9
2017,Imo,maize,63.95,1.71
2017,Jigawa,maize,177.92,1.82
2017,Kaduna,maize,356.61,2.55
2017,Kano,maize,134.51,2.42
2017,Katsina,maize,175.44,1.92
2017,Kebbi,maize,172.41,1.95
2017,Kogi,maize,164.13,2.41
2017,Kwara,maize,151.53,2.05
2017,Lagos,maize,140.22,1.72
2017,Nasarawa,maize,115.66,2.51
2017,Niger,maize,272.45,2.49
2017,Ogun,maize,137.39,2.05
2017,Ondo,maize,135.57,1.99
2017,Osun,maize,176.1,1.97
2017,Oyo,maize,134.63,2
2017,Plateau,maize,258.32,2.48
2017,Rivers,maize,51.83,2.12
2017,Sokoto,maize,89.55,1.64
2017,Taraba,maize,259.19,2.08
2017,Yobe,maize,202.54,1.86
2017,Zamfara,maize,254.21,1.76
2017,Abia,rice,31.89,1.58
2017,Adamawa,rice,156.83,1.78
2017,Akwa-Ibom,rice,10.21,1.88
2017,Anambra,rice,45.38,2
2017,Bauchi,rice,122.08,1.77
2017,Bayelsa,rice,44.48,2.1
2017,Benue,rice,227.73,2.14
2017,Borno,rice,113.03,1.61
2017,Cross River,rice,60.16,1.93
2017,Delta,rice,24.38,1.81
2017,Ebonyi,rice,49.8,2.2
2017,Edo,rice,61.32,2.04
2017,Ekiti,rice,72.87,1.85
2017,Enugu,rice,39.64,2.14
2017,Fct,rice,195.86,2.08
2017,Gombe,rice,102.26,1.7
2017,Imo,rice,30.8,2.05
2017,Jigawa,rice,99.66,2.13
2017,Kaduna,rice,157.59,2.15
2017,Kano,rice,186.84,2.24
2017,Katsina,rice,107.68,1.86
2017,Kebbi,rice,216.86,1.9
2017,Kogi,rice,235.52,2.18
2017,Kwara,rice,187.28,2.18
2017,Lagos,rice,36.18,1.76
2017,Nasarawa,rice,188.07,2.18
2017,Niger,rice,229.08,2.38
2017,Ogun,rice,44.71,1.54
2017,Ondo,rice,58.18,2.02
2017,Osun,rice,41.94,2.21
2017,Oyo,rice,54.52,1.83
2017,Plateau,rice,129.39,1.9
2017,Rivers,rice,37.52,1.77
2017,Sokoto,rice,84.36,1.92
2017,Taraba,rice,173.82,2.11
2017,Yobe,rice,102.58,1.56
2017,Zamfara,rice,138.41,1.81
2017,Abia,millet,,
2017,Adamawa,millet,133.87,0.85
2017,Akwa-Ibom,millet,,
2017,Anambra,millet,,
2017,Bauchi,millet,82.39,0.87
2017,Bayelsa,millet,,
2017,Benue,millet,83.46,0.76
2017,Borno,millet,95.66,0.78
2017,Cross River,millet,,
2017,Delta,millet,,
2017,Ebonyi,millet,,
2017,Edo,millet,,
2017,Ekiti,millet,,
2017,Enugu,millet,,
2017,Fct,millet,58.76,0.91
2017,Gombe,millet,111.12,0.95
2017,Imo,millet,,
2017,Jigawa,millet,91.74,0.78
2017,Kaduna,millet,61.76,0.76
2017,Kano,millet,68.2,0.85
2017,Katsina,millet,139.88,0.89
2017,Kebbi,millet,79.9,0.93
2017,Kogi,millet,47.8,0.88
2017,Kwara,millet,27.79,0.92
2017,Lagos,millet,,
2017,Nasarawa,millet,31.63,0.81
2017,Niger,millet,94.92,0.89
2017,Ogun,millet,,
2017,Ondo,millet,,
2017,Osun,millet,,
2017,Oyo,millet,,
2017,Plateau,millet,76.96,0.88
2017,Rivers,millet,,
2017,Sokoto,millet,146.41,0.8
2017,Taraba,millet,104.29,0.9
2017,Yobe,millet,179.66,0.83
2017,Zamfara,millet,83.87,0.78
2017,Abia,yam,214.06,7.77
2017,Adamawa,yam,202.06,8.09
2017,Akwa-Ibom,yam,286.83,6.05
2017,Anambra,yam,158.3,5.54
2017,Bauchi,yam,,
2017,Bayelsa,yam,269.91,4.41
2017,Benue,yam,231.65,12.5
2017,Borno,yam,,
2017,Cross River,yam,328.63,8.61
2017,Delta,yam,160.49,7.63
2017,Ebonyi,yam,219.74,8.31
2017,Edo,yam,293.7,6.58
2017,Ekiti,yam,193.72,7.21
2017,Enugu,yam,224.5,11.86
2017,Fct,yam,371.61,9.9
2017,Gombe,yam,,
2017,Imo,yam,238.54,7.18
2017,Jigawa,yam,,
2017,Kaduna,yam,195.87,12.68
2017,Kano,yam,,
2017,Katsina,yam,,
2017,Kebbi,yam,141.65,6.33
2017,Kogi,yam,188.87,8.98
2017,Kwara,yam,240.53,9.06
2017,Lagos,yam,193.47,4.61
2017,Nasarawa,yam,222.67,14.58
2017,Niger,yam,244.32,12.74
2017,Ogun,yam,148.88,6.74
2017,Ondo,yam,185.23,8.38
2017,Osun,yam,195.36,9.27
2017,Oyo,yam,245.19,5.3
2017,Plateau,yam,133.12,12.97
2017,Rivers,yam,398.03,2.79
2017,Sokoto,yam,,
2017,Taraba,yam,319.19,11.94
2017,Yobe,yam,,
2017,Zamfara,yam,,
2017,Abia,cassava,,
2017,Adamawa,cassava,246.9,5.7
2017,Akwa-Ibom,cassava,139.07,3.34
2017,Anambra,cassava,290.46,6.04
2017,Bauchi,cassava,228.38,8.45
2017,Bayelsa,cassava,126.08,3.84
2017,Benue,cassava,331.59,3.52
2017,Borno,cassava,339.86,10.73
2017,Cross River,cassava,397.19,5.08
2017,Delta,cassava,236.05,7.58
2017,Ebonyi,cassava,238,5.68
2017,Edo,cassava,325.26,4.46
2017,Ekiti,cassava,233.55,7.38
2017,Enugu,cassava,221.23,9.43
2017,Fct,cassava,449.27,3.94
2017,Gombe,cassava,123.25,5.67
2017,Imo,cassava,322.5,10.41
2017,Jigawa,cassava,130.39,2.96
2017,Kaduna,cassava,195.18,11.49
2017,Kano,cassava,125.35,3.55
2017,Katsina,cassava,112.27,3.04
2017,Kebbi,cassava,139.83,4.64
2017,Kogi,cassava,381.66,9.45
2017,Kwara,cassava,441.64,3.32
2017,Lagos,cassava,261.21,6.11
2017,Nasarawa,cassava,289.51,5.95
2017,Niger,cassava,355.61,3.9
2017,Ogun,cassava,192.14,10.05
2017,Ondo,cassava,224.31,10.26
2017,Osun,cassava,187.03,9.65
2017,Oyo,cassava,187,9.5
2017,Plateau,cassava,381.2,2.76
2017,Rivers,cassava,520.71,5.57
2017,Sokoto,cassava,96.75,2.37
2017,Taraba,cassava,184.35,7.48
2017,Yobe,cassava,121.56,4.01
2017,Zamfara,cassava,152.74,1.75
2017,Abia,cocoyam,,
2017,Adamawa,cocoyam,,
2017,Akwa-Ibom,cocoyam,5.41,7.46
2017,Anambra,cocoyam,,
2017,Bauchi,cocoyam,-4.72,
2017,Bayelsa,cocoyam,95.48,2.14
2017,Benue,cocoyam,,
2017,Borno,cocoyam,,
2017,Cross River,cocoyam,,
2017,Delta,cocoyam,,
2017,Ebonyi,cocoyam,,
2017,Edo,cocoyam,,
2017,Ekiti,cocoyam,23.86,
2017,Enugu,cocoyam,12.2,5.8
2017,Fct,cocoyam,26.89,6.78
2017,Gombe,cocoyam,13.72,4.85
2017,Imo,cocoyam,24.91,10.51
2017,Jigawa,cocoyam,34.35,4.51
2017,Kaduna,cocoyam,19.55,10.71
2017,Kano,cocoyam,28.43,4.48
2017,Katsina,cocoyam,26.98,12.2
2017,Kebbi,cocoyam,50.14,2.61
2017,Kogi,cocoyam,44.3,11.32
2017,Kwara,cocoyam,34.23,16.07
2017,Lagos,cocoyam,29.37,11.58
2017,Nasarawa,cocoyam,29.86,4.66
2017,Niger,cocoyam,47.47,9.93
2017,Ogun,cocoyam,80.24,9.55
2017,Ondo,cocoyam,98.72,2.75
2017,Osun,cocoyam,40.81,7.47
2017,Oyo,cocoyam,79.02,5.13
2017,Plateau,cocoyam,37.65,11.11
2017,Rivers,cocoyam,46.9,9.09
2017,Sokoto,cocoyam,34.79,12.14
2017,Taraba,cocoyam,38.13,5.12
2017,Yobe,cocoyam,33.27,9.4
2017,Zamfara,cocoyam,29.48,8.37
2017,Abia,ginger,,
2017,Adamawa,ginger,,
2017,Akwa-Ibom,ginger,,
2017,Anambra,ginger,,
2017,Bauchi,ginger,2.43,9.88
2017,Bayelsa,ginger,,
2017,Benue,ginger,14.54,7.38
2017,Borno,ginger,,
2017,Cross River,ginger,,
2017,Delta,ginger,,
2017,Ebonyi,ginger,,
2017,Edo,ginger,,
2017,Ekiti,ginger,,
2017,Enugu,ginger,,
2017,Fct,ginger,,
2017,Gombe,ginger,,
2017,Imo,ginger,,
2017,Jigawa,ginger,,
2017,Kaduna,ginger,48.44,10.49
2017,Kano,ginger,,
2017,Katsina,ginger,,
2017,Kebbi,ginger,,
2017,Kogi,ginger,,
2017,Kwara,ginger,,
2017,Lagos,ginger,7.41,4.94
2017,Nasarawa,ginger,13.34,7.46
2017,Niger,ginger,,
2017,Ogun,ginger,,
2017,Ondo,ginger,,
2017,Osun,ginger,,
2017,Oyo,ginger,,
2017,Plateau,ginger,9.9,5.96
2017,Rivers,ginger,,
2017,Sokoto,ginger,,
2017,Taraba,ginger,,
2017,Yobe,ginger,,
2017,Zamfara,ginger,,
2017,Abia,groundnut,9.45,1.06
2017,Adamawa,groundnut,107.05,1.2
2017,Akwa-Ibom,groundnut,11.97,1.36
2017,Anambra,groundnut,,
2017,Bauchi,groundnut,394.34,1.3
2017,Bayelsa,groundnut,,
2017,Benue,groundnut,199.41,1.37
2017,Borno,groundnut,160.13,1.17
2017,Cross River,groundnut,13.35,1.32
2017,Delta,groundnut,,
2017,Ebonyi,groundnut,4.85,1.05
2017,Edo,groundnut,6.17,0.98
2017,Ekiti,groundnut,54.36,1.26
2017,Enugu,groundnut,5.28,1.21
2017,Fct,groundnut,182.45,1.41
2017,Gombe,groundnut,114.05,1.15
2017,Imo,groundnut,6.31,1.19
2017,Jigawa,groundnut,127.1,0.96
2017,Kaduna,groundnut,202.59,1.42
2017,Kano,groundnut,215.51,1.46
2017,Katsina,groundnut,114.07,0.98
2017,Kebbi,groundnut,148.36,1.23
2017,Kogi,groundnut,125.4,1.32
2017,Kwara,groundnut,175.59,1.37
2017,Lagos,groundnut,3.42,1.18
2017,Nasarawa,groundnut,142.62,1.36
2017,Niger,groundnut,176.83,1.42
2017,Ogun,groundnut,15.97,1.19
2017,Ondo,groundnut,33.83,1.4
2017,Osun,groundnut,33.79,1.15
2017,Oyo,groundnut,44.13,1.09
2017,Plateau,groundnut,143.84,1.41
2017,Rivers,groundnut,,
2017,Sokoto,groundnut,197.18,1.16
2017,Taraba,groundnut,214.99,1.08
2017,Yobe,groundnut,66.9,1.09
2017,Zamfara,groundnut,145.58,0.91
2017,Abia,cowpea,49.23,0.88
2017,Adamawa,cowpea,199.3,0.94
2017,Akwa-Ibom,cowpea,44.32,0.76
2017,Anambra,cowpea,93.24,0.77
2017,Bauchi,cowpea,183.48,0.92
2017,Bayelsa,cowpea,31.6,0.73
2017,Benue,cowpea,136.77,0.85
2017,Borno,cowpea,143.75,0.83
2017,Cross River,cowpea,29.02,0.83
2017,Delta,cowpea,59.09,0.88
2017,Ebonyi,cowpea,81.46,0.58
2017,Edo,cowpea,5.28,0.73
2017,Ekiti,cowpea,160.3,0.57
2017,Enugu,cowpea,94.76,0.73
2017,Fct,cowpea,138.4,0.89
2017,Gombe,cowpea,287.83,0.92
2017,Imo,cowpea,87.07,0.87
2017,Jigawa,cowpea,138.96,0.79
2017,Kaduna,cowpea,176.81,0.81
2017,Kano,cowpea,198.3,0.82
2017,Katsina,cowpea,127.28,0.88
2017,Kebbi,cowpea,107.48,0.81
2017,Kogi,cowpea,355.28,0.46
2017,Kwara,cowpea,204.24,0.93
2017,Lagos,cowpea,127.42,0.61
2017,Nasarawa,cowpea,79.72,0.86
2017,Niger,cowpea,93.9,0.94
2017,Ogun,cowpea,67.6,0.35
2017,Ondo,cowpea,150.02,0.76
2017,Osun,cowpea,208.11,0.64
2017,Oyo,cowpea,128.27,0.77
2017,Plateau,cowpea,173.02,0.53
2017,Rivers,cowpea,85.85,0.53
2017,Sokoto,cowpea,152.4,0.86
2017,Taraba,cowpea,256.41,0.94
2017,Yobe,cowpea,197.69,0.83
2017,Zamfara,cowpea,154.78,0.75
2017,Abia,cotton,,
2017,Adamawa,cotton,22.08,0.45
2017,Akwa-Ibom,cotton,,
2017,Anambra,cotton,,
2017,Bauchi,cotton,96.57,0.3
2017,Bayelsa,cotton,,
2017,Benue,cotton,,
2017,Borno,cotton,45.26,0.3
2017,Cross River,cotton,,
2017,Delta,cotton,,
2017,Ebonyi,cotton,,
2017,Edo,cotton,,
2017,Ekiti,cotton,,
2017,Enugu,cotton,,
2017,Fct,cotton,29.18,0.28
2017,Gombe,cotton,32.5,0.35
2017,Imo,cotton,,
2017,Jigawa,cotton,35,0.34
2017,Kaduna,cotton,8.74,0.38
2017,Kano,cotton,44.32,0.59
2017,Katsina,cotton,62.77,0.43
2017,Kebbi,cotton,39.16,0.21
2017,Kogi,cotton,,
2017,Kwara,cotton,,
2017,Lagos,cotton,,
2017,Nasarawa,cotton,,
2017,Niger,cotton,,
2017,Ogun,cotton,,
2017,Ondo,cotton,,
2017,Osun,cotton,,
2017,Oyo,cotton,,
2017,Plateau,cotton,9.5,0.65
2017,Rivers,cotton,,
2017,Sokoto,cotton,38.11,0.37
2017,Taraba,cotton,22.5,0.33
2017,Yobe,cotton,32.56,0.36
2017,Zamfara,cotton,37.62,0.73
2017,Abia,soybean,,
2017,Adamawa,soybean,50.3,43.31
2017,Akwa-Ibom,soybean,,
2017,Anambra,soybean,,
2017,Bauchi,soybean,34.95,22.31
2017,Bayelsa,soybean,,
2017,Benue,soybean,87.95,202.42
2017,Borno,soybean,,
2017,Cross River,soybean,,
2017,Delta,soybean,,
2017,Ebonyi,soybean,,
2017,Edo,soybean,,
2017,Ekiti,soybean,24.74,8.79
2017,Enugu,soybean,,
2017,Fct,soybean,60.61,31.74
2017,Gombe,soybean,60.88,50.8
2017,Imo,soybean,,
2017,Jigawa,soybean,43.97,34.45
2017,Kaduna,soybean,100.44,85.71
2017,Kano,soybean,71.53,67.13
2017,Katsina,soybean,39.73,28.36
2017,Kebbi,soybean,43.18,31.09
2017,Kogi,soybean,56.69,30.46
2017,Kwara,soybean,53.11,44.21
2017,Lagos,soybean,6.03,0.85
2017,Nasarawa,soybean,38.06,27.88
2017,Niger,soybean,49.83,31.42
2017,Ogun,soybean,24.51,17.16
2017,Ondo,soybean,28.78,30.45
2017,Osun,soybean,34.5,18.33
2017,Oyo,soybean,35,20.35
2017,Plateau,soybean,45.87,20.59
2017,Rivers,soybean,,
2017,Sokoto,soybean,28.14,14.87
2017,Taraba,soybean,57.37,51.33
2017,Yobe,soybean,,
2017,Zamfara,soybean,43.5,22.86
2017,Abia,benniseed,,
2017,Adamawa,benniseed,17.33,0.72
2017,Akwa-Ibom,benniseed,,
2017,Anambra,benniseed,16.82,0.9
2017,Bauchi,benniseed,19.78,0.47
2017,Bayelsa,benniseed,,
2017,Benue,benniseed,84.78,0.73
2017,Borno,benniseed,15.21,0.45
2017,Cross River,benniseed,,
2017,Delta,benniseed,,
2017,Ebonyi,benniseed,24.34,0.39
2017,Edo,benniseed,,
2017,Ekiti,benniseed,13.87,0.22
2017,Enugu,benniseed,20.75,0.4
2017,Fct,benniseed,81.23,0.65
2017,Gombe,benniseed,25.85,0.31
2017,Imo,benniseed,,
2017,Jigawa,benniseed,17.28,0.51
2017,Kaduna,benniseed,38.73,0.94
2017,Kano,benniseed,47.18,0.61
2017,Katsina,benniseed,47.94,0.32
2017,Kebbi,benniseed,25.33,0.47
2017,Kogi,benniseed,89.41,0.66
2017,Kwara,benniseed,21.22,0.81
2017,Lagos,benniseed,4.93,0.58
2017,Nasarawa,benniseed,89.9,0.83
2017,Niger,benniseed,42.68,0.38
2017,Ogun,benniseed,11.2,0.22
2017,Ondo,benniseed,9.49,0.65
2017,Osun,benniseed,10.75,0.59
2017,Oyo,benniseed,29.13,0.76
2017,Plateau,benniseed,68.37,0.8
2017,Rivers,benniseed,,
2017,Sokoto,benniseed,17.35,0.87
2017,Taraba,benniseed,56.92,0.72
2017,Yobe,benniseed,26.38,0.12
2017,Zamfara,benniseed,38.61,0.61
2017,Abia,tomatoe,6.71,1.68
2017,Adamawa,tomatoe,32.53,3.02
2017,Akwa-Ibom,tomatoe,,
2017,Anambra,tomatoe,7.36,1.75
2017,Bauchi,tomatoe,33.85,5.25
2017,Bayelsa,tomatoe,,
2017,Benue,tomatoe,15.34,4.76
2017,Borno,tomatoe,32.58,6.63
2017,Cross River,tomatoe,1.94,
2017,Delta,tomatoe,4.87,5.62
2017,Ebonyi,tomatoe,32.91,1.57
2017,Edo,tomatoe,10.55,2.18
2017,Ekiti,tomatoe,4.77,5
2017,Enugu,tomatoe,12.03,1.23
2017,Fct,tomatoe,19.57,3.01
2017,Gombe,tomatoe,32.62,5.79
2017,Imo,tomatoe,1.71,6.88
2017,Jigawa,tomatoe,28.61,2.56
2017,Kaduna,tomatoe,37.34,4.78
2017,Kano,tomatoe,48.76,2.99
2017,Katsina,tomatoe,31.07,3.41
2017,Kebbi,tomatoe,58.49,2.63
2017,Kogi,tomatoe,16.81,4.79
2017,Kwara,tomatoe,21.58,2.36
2017,Lagos,tomatoe,3.03,9.87
2017,Nasarawa,tomatoe,38.2,2.64
2017,Niger,tomatoe,15.38,7.84
2017,Ogun,tomatoe,13.64,6.6
2017,Ondo,tomatoe,9.82,3.63
2017,Osun,tomatoe,4.92,6.83
2017,Oyo,tomatoe,8.57,4.24
2017,Plateau,tomatoe,13.87,3.96
2017,Rivers,tomatoe,,
2017,Sokoto,tomatoe,16.77,9.63
2017,Taraba,tomatoe,35.18,3.44
2017,Yobe,tomatoe,19.25,5.44
2017,Zamfara,tomatoe,30.66,4.64
2017,Abia,okro,14.7,0.9
2017,Adamawa,okro,31.3,0.7
2017,Akwa-Ibom,okro,114.6,1.3
2017,Anambra,okro,24.5,0.8
2017,Bauchi,okro,17.7,0.6
2017,Bayelsa,okro,104.7,1.8
2017,Benue,okro,36.8,1.1
2017,Borno,okro,33.2,1.2
2017,Cross River,okro,109.9,1.9
2017,Delta,okro,42.1,1.1
2017,Ebonyi,okro,11.1,1.9
2017,Edo,okro,35.7,0.4
2017,Ekiti,okro,23.5,3.1
2017,Enugu,okro,20.9,1.7
2017,Fct,okro,51.8,1.3
2017,Gombe,okro,33.2,0.8
2017,Imo,okro,51.1,1.5
2017,Jigawa,okro,17.5,10.2
2017,Kaduna,okro,14.2,2
2017,Kano,okro,48.5,1.5
2017,Katsina,okro,14.2,0.5
2017,Kebbi,okro,36.8,5.7
2017,Kogi,okro,38.6,0.6
2017,Kwara,okro,7.3,0.3
2017,Lagos,okro,10.7,2.1
2017,Nasarawa,okro,22.3,5.6
2017,Niger,okro,8.8,0.8
2017,Ogun,okro,13.5,1
2017,Ondo,okro,40.8,1.4
2017,Osun,okro,42,1.2
2017,Oyo,okro,6.6,0.5
2017,Plateau,okro,30.8,0.9
2017,Rivers,okro,106.6,0.6
2017,Sokoto,okro,14.7,0.9
2017,Taraba,okro,19.9,2.4
2017,Yobe,okro,30.1,2.8
2017,Zamfara,okro,21,1.2
2018,Abia,rice,37.33,1.52
2018,Adamawa,rice,162.44,1.73
2018,Akwa-Ibom,rice,9.31,2.65
2018,Anambra,rice,33.8,2.76
2018,Bauchi,rice,136.56,1.81
2018,Bayelsa,rice,50.93,1.87
2018,Benue,rice,277.83,2.01
2018,Borno,rice,115.15,1.62
2018,Cross River,rice,63.17,2.3
2018,Delta,rice,26.28,1.75
2018,Ebonyi,rice,59.76,2.12
2018,Edo,rice,67.45,2.04
2018,Ekiti,rice,75.03,1.8
2018,Enugu,rice,41.62,2.14
2018,Fct,rice,200.6,2.08
2018,Gombe,rice,124.75,1.67
2018,Imo,rice,34.84,2.15
2018,Jigawa,rice,108.63,2.26
2018,Kaduna,rice,159.15,2.19
2018,Kano,rice,125.1,3.38
2018,Katsina,rice,121.32,1.86
2018,Kebbi,rice,218.22,1.89
2018,Kogi,rice,274.9,2.05
2018,Kwara,rice,201.33,2.18
2018,Lagos,rice,38.18,1.87
2018,Nasarawa,rice,180.81,2.29
2018,Niger,rice,262.3,2.35
2018,Ogun,rice,51.85,1.49
2018,Ondo,rice,36.7,3.25
2018,Osun,rice,44.88,2.27
2018,Oyo,rice,56.26,1.82
2018,Plateau,rice,131.32,1.92
2018,Rivers,rice,45.02,1.71
2018,Sokoto,rice,81.3,2.03
2018,Taraba,rice,189.46,2.2
2018,Yobe,rice,100.25,1.56
2018,Zamfara,rice,121.68,2.07
2018,Adamawa,sorghum,255.16,1.11
2018,Bauchi,sorghum,439.75,1.05
2018,Benue,sorghum,193.92,1
2018,Borno,sorghum,336.01,0.99
2018,Enugu,sorghum,12.18,1.12
2018,FCT,sorghum,104.86,1.23
2018,Gombe,sorghum,342.21,0.97
2018,Jigawa,sorghum,291.72,1.22
2018,Kaduna,sorghum,412.59,1.05
2018,Kano,sorghum,577.17,1.01
2018,Katsina,sorghum,327.84,1.19
2018,Kebbi,sorghum,328.27,1.23
2018,Kogi,sorghum,95.89,1.33
2018,Kwara,sorghum,96.11,1.49
2018,Nasarawa,sorghum,92.2,1.75
2018,Niger,sorghum,419.5,1.49
2018,Oyo,sorghum,48.93,1.2
2018,Plateau,sorghum,198.96,1.52
2018,Sokoto,sorghum,273.79,1.36
2018,Taraba,sorghum,313.96,1.09
2018,Yobe,sorghum,251.66,1.06
2018,Zamfara,sorghum,435.76,0.94
2018,Abia,maize,74.09,1.56
2018,Adamawa,maize,189.91,2.18
2018,Akwa Ibom,maize,78.03,1.09
2018,Anambra,maize,56.68,1.81
2018,Bauchi,maize,301.75,1.93
2018,Bayelsa,maize,46.91,1.72
2018,Benue,maize,153.37,2.64
2018,Borno,maize,368.54,1.7
2018,C/River,maize,57.07,1.81
2018,Delta,maize,86.6,1.78
2018,Ebonyi,maize,74.65,2.06
2018,Edo,maize,99.13,1.68
2018,Ekiti,maize,154.49,1.84
2018,Enugu,maize,90.52,1.9
2018,FCT,maize,197.26,2.28
2018,Gombe,maize,381.91,1.87
2018,Imo,maize,47.68,2.66
2018,Jigawa,maize,177.92,1.86
2018,Kaduna,maize,360.18,2.6
2018,Kano,maize,128.58,2.75
2018,Katsina,maize,187.97,2.17
2018,Kebbi,maize,173.86,2.06
2018,Kogi,maize,165.89,2.41
2018,Kwara,maize,162.89,2.05
2018,Lagos,maize,155.35,1.7
2018,Nasarawa,maize,105.65,2.92
2018,Niger,maize,284.31,2.62
2018,Ogun,maize,140.3,2.09
2018,Ondo,maize,154.17,2.51
2018,Osun,maize,172.53,2.04
2018,Oyo,maize,153.48,2.07
2018,Plateau,maize,262.19,2.52
2018,Rivers,maize,57.01,2.18
2018,Sokoto,maize,101.79,2.71
2018,Taraba,maize,282.52,2.15
2018,Yobe,maize,146.13,2.03
2018,Zamfara,maize,189.88,1.41
2018,Adamawa,millet,134.81,1.23
2018,Bauchi,millet,84.77,0.91
2018,Benue,millet,95.34,0.79
2018,Borno,millet,95.81,0.79
2018,FCT,millet,57.73,0.95
2018,Gombe,millet,116.67,0.97
2018,Jigawa,millet,92.4,0.77
2018,Kaduna,millet,62.38,0.77
2018,Kano,millet,49,1.8
2018,Katsina,millet,148.26,1.03
2018,Kebbi,millet,80.11,0.93
2018,Kogi,millet,45.84,0.9
2018,Kwara,millet,29.6,0.92
2018,Nasarawa,millet,21.14,1.38
2018,Niger,millet,113.56,0.91
2018,Plateau,millet,78.12,0.89
2018,Sokoto,millet,81.29,2.3
2018,Taraba,millet,106.47,0.89
2018,Yobe,millet,207.31,1.19
2018,Zamfara,millet,33.72,2.43
2018,Adamawa,groundnut,55.08,2.35
2018,Bauchi,groundnut,406.17,1.3
2018,Benue,groundnut,261.47,1.21
2018,Borno,groundnut,161.16,1.18
2018,C/River,groundnut,13.41,1.32
2018,Ebonyi,groundnut,5.83,0.95
2018,Edo,groundnut,6.3,0.98
2018,Enugu,groundnut,5.55,1.21
2018,FCT,groundnut,180.75,1.44
2018,Gombe,groundnut,119.75,1.12
2018,Imo,groundnut,7.14,1.13
2018,Jigawa,groundnut,152.23,1.58
2018,Kaduna,groundnut,204.62,1.34
2018,Kano,groundnut,216.36,0.69
2018,Katsina,groundnut,133.27,0.96
2018,Kebbi,groundnut,149.11,1.27
2018,Kogi,groundnut,126,1.35
2018,Kwara,groundnut,187.02,1.37
2018,Nasarawa,groundnut,93.94,2.24
2018,Niger,groundnut,209.17,1.42
2018,Ogun,groundnut,18.63,1.2
2018,Osun,groundnut,36.16,1.19
2018,Oyo,groundnut,44.92,1.13
2018,Plateau,groundnut,146.01,1.43
2018,Sokoto,groundnut,197.82,0.5
2018,Taraba,groundnut,220.24,1.09
2018,Yobe,groundnut,46.01,1.41
2018,Zamfara,groundnut,158.52,1.1
2018,Abia,cowpea,47.08,0.93
2018,Adamawa,cowpea,196.7,1.08
2018,Akwa-Ibom,cowpea,30.1,1.24
2018,Anambra,cowpea,111.22,0.56
2018,Bauchi,cowpea,188.9,0.92
2018,Bayelsa,cowpea,29.16,0.82
2018,Benue,cowpea,148.21,0.85
2018,Borno,cowpea,146.48,0.94
2018,Cross River,cowpea,27.67,0.87
2018,Delta,cowpea,43.4,0.94
2018,Ebonyi,cowpea,71.7,0.65
2018,Edo,cowpea,5.39,0.73
2018,Ekiti,cowpea,163.67,0.56
2018,Enugu,cowpea,99.37,0.73
2018,Fct,cowpea,141.53,0.88
2018,Gombe,cowpea,318.89,0.95
2018,Imo,cowpea,91.96,0.71
2018,Jigawa,cowpea,116.5,1.32
2018,Kaduna,cowpea,178.58,0.83
2018,Kano,cowpea,199.1,0.84
2018,Katsina,cowpea,130.23,0.89
2018,Kebbi,cowpea,108.46,0.81
2018,Kogi,cowpea,356.78,0.46
2018,Kwara,cowpea,217.65,0.93
2018,Lagos,cowpea,108.58,0.54
2018,Nasarawa,cowpea,50.8,1.47
2018,Niger,cowpea,110.53,0.94
2018,Ogun,cowpea,77.88,0.64
2018,Ondo,cowpea,150,0.76
2018,Osun,cowpea,206.97,0.34
2018,Oyo,cowpea,128.69,0.78
2018,Plateau,cowpea,175.61,0.53
2018,Rivers,cowpea,98.58,0.52
2018,Sokoto,cowpea,135.3,0.83
2018,Taraba,cowpea,260.11,0.98
2018,Yobe,cowpea,99.9,2.08
2018,Zamfara,cowpea,137.4,0.64
2018,Adamawa,soybean,53.04,0.88
2018,Bauchi,soybean,36.79,0.68
2018,Benue,soybean,92.35,2.61
2018,Borno,soybean,20,0.75
2018,Ekiti,soybean,26.06,0.35
2018,FCT,soybean,60.7,0.57
2018,Gombe,soybean,66.77,0.86
2018,Jigawa,soybean,42.16,0.81
2018,Kaduna,soybean,101.44,0.96
2018,Kano,soybean,65.88,1
2018,Katsina,soybean,43.7,0.85
2018,Kebbi,soybean,43.91,0.81
2018,Kogi,soybean,57.14,0.6
2018,Kwara,soybean,56.57,0.9
2018,Nasarawa,soybean,35.9,0.76
2018,Niger,soybean,80.37,0.53
2018,Oyo,soybean,35.14,0.62
2018,Plateau,soybean,46.55,0.52
2018,Sokoto,soybean,32.47,0.68
2018,Taraba,soybean,55.26,0.98
2018,Zamfara,soybean,43.25,0.5
2018,Abia,okro,17.57,1.17
2018,Adamawa,okro,31.6,0.55
2018,Akwa-Ibom,okro,114.5,0.91
2018,Anambra,okro,24.7,0.78
2018,Bauchi,okro,25.23,0.95
2018,Bayelsa,okro,135.1,0.87
2018,Benue,okro,36.9,1.5
2018,Borno,okro,33.4,0.85
2018,Cross River,okro,120.86,0.94
2018,Delta,okro,42.5,2.43
2018,Ebonyi,okro,12.5,1.24
2018,Edo,okro,39.27,2.85
2018,Ekiti,okro,25.72,0.51
2018,Enugu,okro,21.94,0.98
2018,Fct,okro,57.35,0.74
2018,Gombe,okro,33.4,0.76
2018,Imo,okro,55.36,0.56
2018,Jigawa,okro,17.7,1.5
2018,Kaduna,okro,15.27,2.99
2018,Kano,okro,48.6,0.55
2018,Katsina,okro,15.1,1.09
2018,Kebbi,okro,37,1
2018,Kogi,okro,39.1,2.09
2018,Kwara,okro,7.67,10.3
2018,Lagos,okro,10.6,5.67
2018,Nasarawa,okro,22.5,1.26
2018,Niger,okro,8.3,1.65
2018,Ogun,okro,13.52,2.78
2018,Ondo,okro,41,0.27
2018,Osun,okro,43.26,0.48
2018,Oyo,okro,6.3,5.89
2018,Plateau,okro,31,1.69
2018,Rivers,okro,123.3,1
2018,Sokoto,okro,14.7,1.46
2018,Taraba,okro,20.81,1.73
2018,Yobe,okro,30.3,0.75
2018,Zamfara,okro,21.2,1.93
2018,Adamawa,benniseed,16.4,1.01
2018,Bauchi,benniseed,20.37,0.47
2018,Benue,benniseed,97.5,0.74
2018,Borno,benniseed,16.71,0.44
2018,FCT,benniseed,81.5,0.67
2018,Gombe,benniseed,31.6,0.31
2018,Jigawa,benniseed,15.5,1.22
2018,Kano,benniseed,20.36,1.22
2018,Katsina,benniseed,52.73,0.32
2018,Kebbi,benniseed,9.76,0.72
2018,Kogi,benniseed,90.31,0.7
2018,Kwara,benniseed,22.72,0.75
2018,Nasarawa,benniseed,57.21,0.88
2018,Niger,benniseed,46.83,0.36
2018,Plateau,benniseed,54.74,0.54
2018,Sokoto,benniseed,27.61,0.53
2018,Taraba,benniseed,58.68,0.73
2018,Yobe,benniseed,13.92,0.23
2018,Zamfara,benniseed,20.73,1.03
2018,Adamawa,cotton,22.09,0.46
2018,Bauchi,cotton,96.6,0.3
2018,Borno,cotton,45.4,0.3
2018,Gombe,cotton,32.46,0.35
2018,Jigawa,cotton,35,0.22
2018,Kaduna,cotton,8.69,3.02
2018,Kano,cotton,44.31,0.62
2018,Katsina,cotton,62.8,0.44
2018,Kebbi,cotton,39.19,0.37
2018,Oyo,cotton,2.2,0.82
2018,Plateau,cotton,9.5,0.66
2018,Sokoto,cotton,38.1,0.71
2018,Taraba,cotton,22.5,0.15
2018,Yobe,cotton,32.64,0.36
2018,Zamfara,cotton,27.6,0.3
2018,Abia,cassava,259.25,5.97
2018,Akwa Ibom,cassava,293.18,5.99
2018,Anambra,cassava,253.61,7.68
2018,Bauchi,cassava,130.71,3.78
2018,Bayelsa,cassava,368.23,3.2
2018,Benue,cassava,444.94,9.12
2018,C/River,cassava,409.1,5
2018,Delta,cassava,239.18,7.51
2018,Ebonyi,cassava,912.42,0.02
2018,Edo,cassava,374.05,4.46
2018,Ekiti,cassava,236.78,7.33
2018,Enugu,cassava,232.29,9.43
2018,FCT,cassava,454.87,3.96
2018,Gombe,cassava,123.39,6.4
2018,Imo,cassava,327.17,10.72
2018,Jigawa,cassava,131.51,10.2
2018,Kaduna,cassava,197.13,11.72
2018,Katsina,cassava,145.51,3.02
2018,Kebbi,cassava,142.33,4.61
2018,Kogi,cassava,384.88,9.52
2018,Kwara,cassava,474.77,3.32
2018,Lagos,cassava,269.88,6.05
2018,Nasarawa,cassava,291.62,5.91
2018,Niger,cassava,415.47,4.21
2018,Ogun,cassava,193.66,11.6
2018,Ondo,cassava,226.54,15.69
2018,Osun,cassava,183.29,9.95
2018,Oyo,cassava,190.58,9.6
2018,Plateau,cassava,386.92,2.8
2018,Rivers,cassava,658.73,5.74
2018,Sokoto,cassava,93.2,3.68
2018,Taraba,cassava,190,7.7
2018,Yobe,cassava,184.4,2.68
2018,Zamfara,cassava,133.2,1.72
2018,Abia,yam,227.06,7.87
2018,Akwa Ibom,yam,287.35,0.01
2018,Anambra,yam,159.21,5.52
2018,Bayelsa,yam,295.7,4.08
2018,Benue,yam,190.1,12.85
2018,C/River,yam,332.57,8.64
2018,Delta,yam,162.77,7.88
2018,Ebonyi,yam,274.68,8.92
2018,Edo,yam,308.36,6.58
2018,Ekiti,yam,197.53,7.37
2018,Enugu,yam,235.73,11.93
2018,FCT,yam,691.56,4.12
2018,Imo,yam,80,3.69
2018,Kaduna,yam,197.83,12.93
2018,Kebbi,yam,146.9,6.32
2018,Kogi,yam,191.1,7.35
2018,Kwara,yam,258.58,9.06
2018,Nasarawa,yam,202.23,18.94
2018,Niger,yam,275.81,13.26
2018,Ogun,yam,167.79,6.16
2018,Ondo,yam,186.71,9.59
2018,Osun,yam,195.37,9.36
2018,Oyo,yam,248.32,5.23
2018,Plateau,yam,135.14,13.16
2018,Rivers,yam,503.51,2.52
2018,Taraba,yam,321.21,10
2018,Abia,cocoyam,40.07,7.29
2018,Akwa Ibom,cocoyam,38.81,10.78
2018,Anambra,cocoyam,62.68,9.37
2018,Bayelsa,cocoyam,61.92,7.88
2018,Benue,cocoyam,28.58,4.43
2018,Borno,cocoyam,14.06,
2018,C/River,cocoyam,34.81,12.22
2018,Delta,cocoyam,38.46,5.21
2018,Ebonyi,cocoyam,118.46,2.41
2018,Edo,cocoyam,36.6,9.4
2018,Ekiti,cocoyam,44.32,11.36
2018,Enugu,cocoyam,84.25,9.55
2018,Imo,cocoyam,87.8,6.46
2018,Kogi,cocoyam,19.55,10.69
2018,Kwara,cocoyam,37.1,4.14
2018,Lagos,cocoyam,31.4,4.55
2018,Nasarawa,cocoyam,26.98,6.85
2018,Niger,cocoyam,25.07,10.45
2018,Ogun,cocoyam,29.7,11.62
2018,Ondo,cocoyam,34.23,16.07
2018,Osun,cocoyam,29.14,12.45
2018,Oyo,cocoyam,50.4,2.6
2018,Plateau,cocoyam,12.98,5.72
2018,Rivers,cocoyam,30.19,8.59
2018,Taraba,cocoyam,96.21,2.21
2018,Bauchi,ginger,4.49,5.57
2018,Benue,ginger,13.71,4.92
2018,Kaduna,ginger,48.93,10.7
2018,Nasarawa,ginger,19.19,3.23
2018,Abia,tomatoe,66.86,0.2
2018,Adamawa,tomatoe,43.3,2.75
2018,Anambra,tomatoe,11,1.55
2018,Bauchi,tomatoe,35.66,5.08
2018,Benue,tomatoe,17.1,4.32
2018,Borno,tomatoe,30.13,7.86
2018,Delta,tomatoe,67.59,0.46
2018,Ebonyi,tomatoe,39.22,1.35
2018,Edo,tomatoe,68.91,0.34
2018,Ekiti,tomatoe,54.13,0.43
2018,Enugu,tomatoe,62.53,0.25
2018,FCT,tomatoe,53.43,1.15
2018,Gombe,tomatoe,29.94,7.12
2018,Imo,tomatoe,3,4.2
2018,Jigawa,tomatoe,37.3,1.98
2018,Kaduna,tomatoe,45.03,4.08
2018,Kano,tomatoe,53.37,3.19
2018,Katsina,tomatoe,42.59,2.8
2018,Kebbi,tomatoe,61.13,2.07
2018,Kogi,tomatoe,50.88,1.58
2018,Kwara,tomatoe,52.8,1.03
2018,Lagos,tomatoe,60.05,0.56
2018,Nasarawa,tomatoe,47.14,2.17
2018,Niger,tomatoe,17.7,6.86
2018,Ogun,tomatoe,57.44,1.6
2018,Ondo,tomatoe,13.01,2.77
2018,Osun,tomatoe,53.65,0.53
2018,Oyo,tomatoe,53.88,0.68
2018,Plateau,tomatoe,46.5,1.22
2018,Sokoto,tomatoe,17.22,7.6
2018,Taraba,tomatoe,40.51,3.07
2018,Yobe,tomatoe,19.27,6.3
2018,Zamfara,tomatoe,34.85,4.88
2018,Adamawa,onion,58,2.41
2018,Bauchi,onion,43.13,2.16
2018,Benue,onion,26.3,1.9
2018,Borno,onion,18,3.91
2018,Gombe,onion,48.58,1.83
2018,Jigawa,onion,28.72,2.68
2018,Kaduna,onion,31.12,3.28
2018,Kano,onion,50.8,2.2
2018,Katsina,onion,38.72,2.65
2018,Kebbi,onion,44,2.85
2018,Lagos,onion,3.9,2.69
2018,Plateau,onion,38.3,1.29
2018,Sokoto,onion,30.6,3.49
2018,Taraba,onion,13.42,5.43
2018,Yobe,onion,49.3,1.91
2018,Zamfara,onion,27,4.53
2018,Abia,,,
2018,Adamawa,,,
2018,Akwa-Ibom,,,
2018,Anambra,,,
2018,Bauchi,,,
2018,Bayelsa,,,
2018,Benue,,,
2018,Borno,,,
2018,Cross River,,,
2018,Delta,,,
2018,Ebonyi,,,
2018,Edo,,,
2018,Ekiti,,,
2018,Enugu,,,
2018,Fct,,,
2018,Gombe,,,
2018,Imo,,,
2018,Jigawa,,,
2018,Kaduna,,,
2018,Kano,,,
2018,Katsina,,,
2018,Kebbi,,,
2018,Kogi,,,
2018,Kwara,,,
2018,Lagos,,,
2018,Nasarawa,,,
2018,Niger,,,
2018,Ogun,,,
2018,Ondo,,,
2018,Osun,,,
2018,Oyo,,,
2018,Plateau,,,
2018,Rivers,,,
2018,Sokoto,,,
2018,Taraba,,,
2018,Yobe,,,
2018,Zamfara,,,
2018,Abia,,,
2018,Adamawa,,,
2018,Akwa-Ibom,,,
2018,Anambra,,,
2018,Bauchi,,,
2018,Bayelsa,,,
2018,Benue,,,
2018,Borno,,,
2018,Cross River,,,
2018,Delta,,,
2018,Ebonyi,,,
2018,Edo,,,
2018,Ekiti,,,
2018,Enugu,,,
2018,Fct,,,
2018,Gombe,,,
2018,Imo,,,
2018,Jigawa,,,
2018,Kaduna,,,
2018,Kano,,,
2018,Katsina,,,
2018,Kebbi,,,
2018,Kogi,,,
2018,Kwara,,,
2018,Lagos,,,
2018,Nasarawa,,,
2018,Niger,,,
2018,Ogun,,,
2018,Ondo,,,
2018,Osun,,,
2018,Oyo,,,
2018,Plateau,,,
2018,Rivers,,,
2018,Sokoto,,,
2018,Taraba,,,
2018,Yobe,,,
2018,Zamfara,,,
2019,Abia,rice,42.41,1.35
2019,Adamawa,rice,163.22,1.72
2019,Akwa-Ibom,rice,10.01,2.42
2019,Anambra,rice,36.88,2.57
2019,Bauchi,rice,141.18,1.74
2019,Bayelsa,rice,50.31,1.92
2019,Benue,rice,274.78,1.96
2019,Borno,rice,115.97,1.64
2019,Cross River,rice,66.67,2.33
2019,Delta,rice,26.93,1.82
2019,Ebonyi,rice,60.48,2.21
2019,Edo,rice,65.89,2.14
2019,Ekiti,rice,76.91,1.76
2019,Enugu,rice,45.63,2.01
2019,Fct,rice,200.65,2.07
2019,Gombe,rice,135.51,1.56
2019,Imo,rice,38.62,2.11
2019,Jigawa,rice,113.15,2.17
2019,Kaduna,rice,159.36,2.19
2019,Kano,rice,125.22,3.37
2019,Katsina,rice,127.17,1.85
2019,Kebbi,rice,218.17,1.89
2019,Kogi,rice,271.93,2.02
2019,Kwara,rice,201.81,2.15
2019,Lagos,rice,42.71,1.87
2019,Nasarawa,rice,180.96,2.28
2019,Niger,rice,260.19,2.41
2019,Ogun,rice,53.08,1.6
2019,Ondo,rice,41.72,2.87
2019,Osun,rice,50.42,2.13
2019,Oyo,rice,58.58,1.78
2019,Plateau,rice,131.85,1.91
2019,Rivers,rice,43.57,1.78
2019,Sokoto,rice,82.35,2
2019,Taraba,rice,190.64,2.13
2019,Yobe,rice,99.15,1.64
2019,Zamfara,rice,122.59,2.05
2019,Adamawa,sorghum,258.11,1.11
2019,Bauchi,sorghum,423.16,1.05
2019,Benue,sorghum,193.03,1.03
2019,Borno,sorghum,335.72,0.99
2019,Enugu,sorghum,12.61,1.1
2019,FCT,sorghum,106,1.21
2019,Gombe,sorghum,339.06,0.97
2019,Jigawa,sorghum,291.72,1.22
2019,Kaduna,sorghum,411.55,1.04
2019,Kano,sorghum,576.96,1.01
2019,Katsina,sorghum,325.24,1.18
2019,Kebbi,sorghum,327.81,1.22
2019,Kogi,sorghum,95.89,1.33
2019,Kwara,sorghum,99.67,1.46
2019,Nasarawa,sorghum,91.68,1.76
2019,Niger,sorghum,410.65,1.45
2019,Oyo,sorghum,49.28,1.21
2019,Plateau,sorghum,198.99,1.52
2019,Sokoto,sorghum,273.81,1.36
2019,Taraba,sorghum,312.9,1.08
2019,Yobe,sorghum,251.66,1.06
2019,Zamfara,sorghum,435.74,0.94
2019,Abia,maize,72.955,1.51
2019,Adamawa,maize,189.915,2.18
2019,Akwa Ibom,maize,78.855,1.1
2019,Anambra,maize,54.92,1.97
2019,Bauchi,maize,298.51,1.88
2019,Bayelsa,maize,49.39,1.65
2019,Benue,maize,157.155,2.49
2019,Borno,maize,368.355,1.69
2019,C/River,maize,58.2,1.78
2019,Delta,maize,81.465,1.9
2019,Ebonyi,maize,81.95,1.95
2019,Edo,maize,104.625,1.62
2019,Ekiti,maize,155.14,1.82
2019,Enugu,maize,93.365,1.86
2019,FCT,maize,197.265,2.28
2019,Gombe,maize,369.475,1.83
2019,Imo,maize,50.34,2.54
2019,Jigawa,maize,177.92,1.85
2019,Kaduna,maize,359.395,2.58
2019,Kano,maize,129.18,2.73
2019,Katsina,maize,188.845,2.08
2019,Kebbi,maize,173.975,2.03
2019,Kogi,maize,166.08,2.4
2019,Kwara,maize,164.71,2
2019,Lagos,maize,158.575,1.65
2019,Nasarawa,maize,105.845,2.91
2019,Niger,maize,282.73,2.55
2019,Ogun,maize,140.965,2.07
2019,Ondo,maize,154.195,2.51
2019,Osun,maize,172.285,2.03
2019,Oyo,maize,158.055,1.97
2019,Plateau,maize,261.755,2.5
2019,Rivers,maize,59.22,2.2
2019,Sokoto,maize,101.835,2.7
2019,Taraba,maize,279.855,2.1
2019,Yobe,maize,146.215,2.03
2019,Zamfara,maize,189.89,1.41
2019,Adamawa,millet,135.035,1.23
2019,Bauchi,millet,86.46,0.95
2019,Benue,millet,103.63,0.76
2019,Borno,millet,95.885,0.79
2019,FCT,millet,53.465,1.06
2019,Gombe,millet,118.895,0.98
2019,Jigawa,millet,92.79,0.78
2019,Kaduna,millet,63.07,0.8
2019,Kano,millet,50.58,1.76
2019,Katsina,millet,150.06,1.07
2019,Kebbi,millet,80.265,0.93
2019,Kogi,millet,42.71,0.95
2019,Kwara,millet,30.585,0.96
2019,Nasarawa,millet,22.59,1.42
2019,Niger,millet,111.11,1.06
2019,Plateau,millet,79.04,0.9
2019,Sokoto,millet,81.345,2.3
2019,Taraba,millet,107.47,0.89
2019,Yobe,millet,207.275,1.19
2019,Zamfara,millet,35.54,2.3
2019,Adamawa,groundnut,56.26,2.3
2019,Bauchi,groundnut,403.255,1.3
2019,Benue,groundnut,261.56,1.19
2019,Borno,groundnut,161.285,1.18
2019,C/River,groundnut,13.436,1.34
2019,Ebonyi,groundnut,5.42,0.99
2019,Edo,groundnut,8.265,0.78
2019,Enugu,groundnut,5.421,1.22
2019,FCT,groundnut,180.67,1.43
2019,Gombe,groundnut,121.9,1.11
2019,Imo,groundnut,8.065,0.98
2019,Jigawa,groundnut,152.265,1.58
2019,Kaduna,groundnut,204.605,1.35
2019,Kano,groundnut,216.33,0.69
2019,Katsina,groundnut,140.51,0.96
2019,Kebbi,groundnut,149.235,1.27
2019,Kogi,groundnut,126.18,1.35
2019,Kwara,groundnut,187.815,1.35
2019,Nasarawa,groundnut,92.72,2.27
2019,Niger,groundnut,211.29,1.38
2019,Ogun,groundnut,18.97,2.05
2019,Osun,groundnut,37.075,1.38
2019,Oyo,groundnut,46.325,1.18
2019,Plateau,groundnut,146.435,1.43
2019,Sokoto,groundnut,197.83,0.5
2019,Taraba,groundnut,220.055,1.09
2019,Yobe,groundnut,46.525,1.35
2019,Zamfara,groundnut,158.97,1.1
2019,Abia,cowpea,43.8,0.99
2019,Adamawa,cowpea,196.71,1.08
2019,Akwa-Ibom,cowpea,30.12,1.34
2019,Anambra,cowpea,111.76,0.57
2019,Bauchi,cowpea,189.14,0.93
2019,Bayelsa,cowpea,31.16,0.86
2019,Benue,cowpea,150.86,0.86
2019,Borno,cowpea,147.02,0.98
2019,Cross River,cowpea,25.76,0.93
2019,Delta,cowpea,49.17,0.89
2019,Ebonyi,cowpea,71.37,0.63
2019,Edo,cowpea,5.54,0.81
2019,Ekiti,cowpea,164.09,0.56
2019,Enugu,cowpea,101.93,0.74
2019,Fct,cowpea,142.23,0.87
2019,Gombe,cowpea,314.15,0.95
2019,Imo,cowpea,89.26,0.74
2019,Jigawa,cowpea,117.85,1.46
2019,Kaduna,cowpea,178.7,0.83
2019,Kano,cowpea,199.1,0.84
2019,Katsina,cowpea,131.08,0.9
2019,Kebbi,cowpea,108.88,0.81
2019,Kogi,cowpea,356.45,0.47
2019,Kwara,cowpea,217.52,0.93
2019,Lagos,cowpea,109.09,0.55
2019,Nasarawa,cowpea,52.93,1.53
2019,Niger,cowpea,119.93,0.95
2019,Ogun,cowpea,87.94,0.6
2019,Ondo,cowpea,150,0.77
2019,Osun,cowpea,207.56,0.37
2019,Oyo,cowpea,128.81,0.78
2019,Plateau,cowpea,175.82,0.54
2019,Rivers,cowpea,91.03,0.53
2019,Sokoto,cowpea,135.65,0.79
2019,Taraba,cowpea,259.7,0.97
2019,Yobe,cowpea,101.05,2.1
2019,Zamfara,cowpea,138.16,0.56
2019,Adamawa,soybean,56.84,0.9
2019,Bauchi,soybean,38.26,0.68
2019,Benue,soybean,94.91,2.52
2019,Borno,soybean,22.3,0.73
2019,Ekiti,soybean,26.17,0.35
2019,FCT,soybean,62.52,0.57
2019,Gombe,soybean,68.09,0.85
2019,Jigawa,soybean,42.16,0.81
2019,Kaduna,soybean,101.93,0.97
2019,Kano,soybean,65.93,1.06
2019,Katsina,soybean,50.8,0.74
2019,Kebbi,soybean,44.85,0.86
2019,Kogi,soybean,57.71,0.73
2019,Kwara,soybean,60.96,0.91
2019,Nasarawa,soybean,36.31,0.75
2019,Niger,soybean,103.1,0.55
2019,Oyo,soybean,40.05,0.65
2019,Plateau,soybean,47.67,0.56
2019,Sokoto,soybean,35.86,0.75
2019,Taraba,soybean,55.12,1.09
2019,Zamfara,soybean,36.51,0.34
2019,Abia,okro,18.12,1.14
2019,Adamawa,okro,32.41,0.57
2019,Akwa-Ibom,okro,114.46,0.91
2019,Anambra,okro,25.42,0.77
2019,Bauchi,okro,25.7,0.97
2019,Bayelsa,okro,122.79,0.93
2019,Benue,okro,37.12,1.5
2019,Borno,okro,33.9,0.85
2019,Cross River,okro,125.36,0.95
2019,Delta,okro,43.26,2.43
2019,Ebonyi,okro,13.23,1.17
2019,Edo,okro,44.47,2.65
2019,Ekiti,okro,24.05,0.54
2019,Enugu,okro,23.28,0.92
2019,Fct,okro,65.3,0.75
2019,Gombe,okro,33.9,0.76
2019,Imo,okro,61.56,0.49
2019,Jigawa,okro,18.74,1.41
2019,Kaduna,okro,17.63,2.72
2019,Kano,okro,48.76,0.54
2019,Katsina,okro,15.89,1.08
2019,Kebbi,okro,37.44,0.99
2019,Kogi,okro,40.15,2.1
2019,Kwara,okro,8.83,9.41
2019,Lagos,okro,9.72,6.2
2019,Nasarawa,okro,23.3,1.23
2019,Niger,okro,7.23,2.09
2019,Ogun,okro,13.67,2.65
2019,Ondo,okro,41.39,0.29
2019,Osun,okro,45.63,0.43
2019,Oyo,okro,6.79,5.46
2019,Plateau,okro,31.55,1.66
2019,Rivers,okro,130.62,0.94
2019,Sokoto,okro,14.7,1.52
2019,Taraba,okro,22.01,1.73
2019,Yobe,okro,30.86,0.76
2019,Zamfara,okro,21.62,2.03
2019,Adamawa,benniseed,16.65,1.04
2019,Bauchi,benniseed,21.39,0.47
2019,Benue,benniseed,106.14,0.79
2019,Borno,benniseed,17.13,0.46
2019,FCT,benniseed,83.95,0.67
2019,Gombe,benniseed,34.54,0.3
2019,Jigawa,benniseed,16.12,1.2
2019,Kano,benniseed,20.36,1.03
2019,Katsina,benniseed,53.41,0.31
2019,Kebbi,benniseed,10.05,0.72
2019,Kogi,benniseed,90.87,0.75
2019,Kwara,benniseed,29.02,0.56
2019,Nasarawa,benniseed,57.9,0.94
2019,Niger,benniseed,58.54,0.4
2019,Plateau,benniseed,57.59,0.59
2019,Sokoto,benniseed,28.36,0.53
2019,Taraba,benniseed,59.2,0.8
2019,Yobe,benniseed,13.92,0.23
2019,Zamfara,benniseed,7.45,1.57
2019,Adamawa,cotton,22.95,0.47
2019,Bauchi,cotton,96.6,0.3
2019,Borno,cotton,45.57,0.29
2019,Gombe,cotton,32.64,0.35
2019,Jigawa,cotton,35,0.22
2019,Kaduna,cotton,8.57,3.08
2019,Kano,cotton,46.34,0.65
2019,Katsina,cotton,62.84,0.46
2019,Kebbi,cotton,39.18,0.37
2019,Oyo,cotton,2.42,0.86
2019,Plateau,cotton,9.5,0.67
2019,Sokoto,cotton,38.09,0.71
2019,Taraba,cotton,22.32,0.17
2019,Yobe,cotton,32.75,0.37
2019,Zamfara,cotton,17.61,0.41
2019,Abia,cassava,258.08,5.77
2019,Akwa Ibom,cassava,292.76,5.99
2019,Anambra,cassava,252.05,7.69
2019,Bauchi,cassava,132.07,3.72
2019,Bayelsa,cassava,360.96,3.25
2019,Benue,cassava,423.32,9.12
2019,C/River,cassava,406.15,5.01
2019,Delta,cassava,238.94,7.5
2019,Ebonyi,cassava,839.72,0.02
2019,Edo,cassava,364.66,4.31
2019,Ekiti,cassava,236.55,7.32
2019,Enugu,cassava,231.76,9.25
2019,FCT,cassava,453.32,3.95
2019,Gombe,cassava,123.44,6.13
2019,Imo,cassava,326.29,10.53
2019,Jigawa,cassava,131.81,10.18
2019,Kaduna,cassava,197.16,11.56
2019,Katsina,cassava,158.5,2.64
2019,Kebbi,cassava,142.87,4.57
2019,Kogi,cassava,384.11,9.47
2019,Kwara,cassava,465.71,3.28
2019,Lagos,cassava,268.87,6.01
2019,Nasarawa,cassava,291.29,5.91
2019,Niger,cassava,402.37,3.96
2019,Ogun,cassava,193.69,10.87
2019,Ondo,cassava,226.42,15.69
2019,Osun,cassava,183.16,9.91
2019,Oyo,cassava,190.7,9.47
2019,Plateau,cassava,385.56,2.78
2019,Rivers,cassava,616.23,5.42
2019,Sokoto,cassava,93.28,3.67
2019,Taraba,cassava,190.24,7.5
2019,Yobe,cassava,184.44,2.68
2019,Zamfara,cassava,130.17,1.79
2019,Abia,yam,264.55,7.61
2019,Akwa Ibom,yam,287.27,0.01
2019,Anambra,yam,159.33,5.51
2019,Bayelsa,yam,312.26,4.06
2019,Benue,yam,192.94,13.75
2019,C/River,yam,341.88,8.62
2019,Delta,yam,164.24,8.23
2019,Ebonyi,yam,281.55,9.7
2019,Edo,yam,378.01,7.51
2019,Ekiti,yam,197.76,7.41
2019,Enugu,yam,240.92,12.25
2019,FCT,yam,712.31,4.12
2019,Imo,yam,85,3.52
2019,Kaduna,yam,199.81,13.29
2019,Kebbi,yam,151.75,6.26
2019,Kogi,yam,191.17,8.02
2019,Kwara,yam,257.06,8.82
2019,Nasarawa,yam,202.23,18.94
2019,Niger,yam,311.67,14.59
2019,Ogun,yam,168.81,6.11
2019,Ondo,yam,205.32,9.6
2019,Osun,yam,202.37,10.4
2019,Oyo,yam,285.54,5.01
2019,Plateau,yam,135.65,12.94
2019,Rivers,yam,528.69,2.48
2019,Taraba,yam,319.99,10
2019,Abia,cocoyam,40.56,7.25
2019,Akwa Ibom,cocoyam,41.3,10.13
2019,Anambra,cocoyam,87.11,6.6
2019,Bayelsa,cocoyam,70.53,7.23
2019,Benue,cocoyam,29.05,4.36
2019,Borno,cocoyam,16.36,0.31
2019,C/River,cocoyam,34.85,12.18
2019,Delta,cocoyam,39.17,5.12
2019,Ebonyi,cocoyam,128.59,2.21
2019,Edo,cocoyam,44.95,7.53
2019,Ekiti,cocoyam,44.34,11.34
2019,Enugu,cocoyam,87.25,9.06
2019,Imo,cocoyam,94.52,5.78
2019,Kogi,cocoyam,19.55,10.69
2019,Kwara,cocoyam,43.74,3.51
2019,Lagos,cocoyam,35.78,4.01
2019,Nasarawa,cocoyam,27.29,6.77
2019,Niger,cocoyam,25.65,10.21
2019,Ogun,cocoyam,30.66,11.22
2019,Ondo,cocoyam,34.23,16.07
2019,Osun,cocoyam,36.07,9.87
2019,Oyo,cocoyam,50.78,2.58
2019,Plateau,cocoyam,14.5,5.34
2019,Rivers,cocoyam,32.24,8.01
2019,Taraba,cocoyam,114.11,1.88
2019,Bauchi,ginger,7.45,3.85
2019,Benue,ginger,12,5.54
2019,Kaduna,ginger,49.69,10.44
2019,Nasarawa,ginger,24.59,2.64
2019,Abia,tomatoe,72.59,0.21
2019,Adamawa,tomatoe,57.64,2.51
2019,Anambra,tomatoe,16.44,1.36
2019,Bauchi,tomatoe,36.77,5.03
2019,Benue,tomatoe,19.01,3.94
2019,Borno,tomatoe,27.86,9.32
2019,Delta,tomatoe,68.62,0.51
2019,Ebonyi,tomatoe,46.74,1.16
2019,Edo,tomatoe,70.27,0.34
2019,Ekiti,tomatoe,53.68,0.41
2019,Enugu,tomatoe,65.63,0.25
2019,FCT,tomatoe,60,1.08
2019,Gombe,tomatoe,27.48,8.75
2019,Imo,tomatoe,5.26,2.56
2019,Jigawa,tomatoe,36.06,2.05
2019,Kaduna,tomatoe,45.48,4.16
2019,Kano,tomatoe,58.42,3.4
2019,Katsina,tomatoe,45.83,2.93
2019,Kebbi,tomatoe,63.89,1.63
2019,Kogi,tomatoe,51.18,1.56
2019,Kwara,tomatoe,56.23,1.03
2019,Lagos,tomatoe,62.63,0.61
2019,Nasarawa,tomatoe,58.17,1.78
2019,Niger,tomatoe,20.37,6
2019,Ogun,tomatoe,58.31,1.61
2019,Ondo,tomatoe,17.24,2.12
2019,Osun,tomatoe,54.74,0.45
2019,Oyo,tomatoe,54.18,0.68
2019,Plateau,tomatoe,47.44,1.23
2019,Sokoto,tomatoe,17.68,6
2019,Taraba,tomatoe,43.67,2.92
2019,Yobe,tomatoe,19.29,7.3
2019,Zamfara,tomatoe,39.61,5.14
2019,Adamawa,onion,58.37,2.4
2019,Bauchi,onion,44.675,2.11
2019,Benue,onion,26.97,1.88
2019,Borno,onion,18.51,3.8
2019,Gombe,onion,50.14,1.79
2019,Jigawa,onion,29.57,2.65
2019,Kaduna,onion,31.99,3.23
2019,Kano,onion,50.8,2.32
2019,Katsina,onion,38.77,2.76
2019,Kebbi,onion,45.08,2.81
2019,Lagos,onion,5.32,2.62
2019,Plateau,onion,39.8,1.29
2019,Sokoto,onion,31.44,3.92
2019,Taraba,onion,19.52,3.93
2019,Yobe,onion,49.3,1.91
2019,Zamfara,onion,27.97,4.52
2020,Abia,,,
2020,Adamawa,,,
2020,Akwa-Ibom,,,
2020,Anambra,,,
2020,Bauchi,,,
2020,Bayelsa,,,
2020,Benue,,,
2020,Borno,,,
2020,Cross River,,,
2020,Delta,,,
2020,Ebonyi,,,
2020,Edo,,,
2020,Ekiti,,,
2020,Enugu,,,
2020,Fct,,,
2020,Gombe,,,
2020,Imo,,,
2020,Jigawa,,,
2020,Kaduna,,,
2020,Kano,,,
2020,Katsina,,,
2020,Kebbi,,,
2020,Kogi,,,
2020,Kwara,,,
2020,Lagos,,,
2020,Nasarawa,,,
2020,Niger,,,
2020,Ogun,,,
2020,Ondo,,,
2020,Osun,,,
2020,Oyo,,,
2020,Plateau,,,
2020,Rivers,,,
2020,Sokoto,,,
2020,Taraba,,,
2020,Yobe,,,
2020,Zamfara,,,
